gpu,job_id,date,cuda_runtime,cuda_driver,build_type,kernel,variant,n,bytes,flops,grid,block,dyn_smem,regs,local_bytes,static_smem,blocks_per_sm,theo_occupancy,launches_per_rep,l2_flush,warmup,reps,median_ms,min_ms,stddev_ms,metric_value,metric_unit,launch_bound
NVIDIA RTX PRO 6000 Blackwell Max-Q Workstation Edition,24037839,2026-09-26T10:51:08-0700,13.3,13.0,Release,contiguous,-,268435456,2147483648,0,1048576,256,0,8,0,0,6,1.000,1,0,10,100,1.437264,1.432800,0.003155,1494.1,GB/s,0
NVIDIA RTX PRO 6000 Blackwell Max-Q Workstation Edition,24037839,2026-09-26T10:51:11-0700,13.3,13.0,Release,contiguous,-,268435456,2147483648,0,1048576,256,0,8,0,0,6,1.000,1,1,10,100,1.437696,1.435296,0.002519,1493.7,GB/s,0
NVIDIA RTX PRO 6000 Blackwell Max-Q Workstation Edition,24037839,2026-09-26T10:51:14-0700,13.3,13.0,Release,strided,stride=1,268435456,2147483648,0,1048576,256,0,10,0,0,6,1.000,1,1,10,100,1.439728,1.435648,0.002665,1491.6,GB/s,0
NVIDIA RTX PRO 6000 Blackwell Max-Q Workstation Edition,24037839,2026-09-26T10:51:17-0700,13.3,13.0,Release,strided,stride=2,268435456,2147483648,0,1048576,256,0,10,0,0,6,1.000,1,1,10,100,2.107392,2.095104,0.004359,1019.0,GB/s,0
NVIDIA RTX PRO 6000 Blackwell Max-Q Workstation Edition,24037839,2026-09-26T10:51:20-0700,13.3,13.0,Release,strided,stride=4,268435456,2147483648,0,1048576,256,0,10,0,0,6,1.000,1,1,10,100,3.458048,3.430400,0.005708,621.0,GB/s,0
NVIDIA RTX PRO 6000 Blackwell Max-Q Workstation Edition,24037839,2026-09-26T10:51:24-0700,13.3,13.0,Release,strided,stride=8,268435456,2147483648,0,1048576,256,0,10,0,0,6,1.000,1,1,10,100,6.096896,6.049792,0.045818,352.2,GB/s,0
NVIDIA RTX PRO 6000 Blackwell Max-Q Workstation Edition,24037839,2026-09-26T10:51:27-0700,13.3,13.0,Release,strided,stride=16,268435456,2147483648,0,1048576,256,0,10,0,0,6,1.000,1,1,10,100,6.033408,6.013952,0.011625,355.9,GB/s,0
NVIDIA RTX PRO 6000 Blackwell Max-Q Workstation Edition,24037839,2026-09-26T10:51:30-0700,13.3,13.0,Release,strided,stride=32,268435456,2147483648,0,1048576,256,0,10,0,0,6,1.000,1,1,10,100,6.072848,6.044672,0.009980,353.6,GB/s,0
NVIDIA RTX PRO 6000 Blackwell Max-Q Workstation Edition,24037839,2026-09-26T10:51:34-0700,13.3,13.0,Release,strided,stride=64,268435456,2147483648,0,1048576,256,0,10,0,0,6,1.000,1,1,10,100,8.587264,8.179712,0.137983,250.1,GB/s,0
NVIDIA RTX PRO 6000 Blackwell Max-Q Workstation Edition,24037839,2026-09-26T10:51:44-0700,13.3,13.0,Release,gather,random_permutation,268435456,3221225472,0,1048576,256,0,10,0,0,6,1.000,1,1,10,100,17.847296,17.841152,0.003531,180.5,GB/s,0
NVIDIA RTX PRO 6000 Blackwell Max-Q Workstation Edition,24037839,2026-09-26T10:51:47-0700,13.3,13.0,Release,offset,offset=0,268435456,2147483648,0,1048576,256,0,10,0,0,6,1.000,1,1,10,100,1.439744,1.435648,0.002359,1491.6,GB/s,0
NVIDIA RTX PRO 6000 Blackwell Max-Q Workstation Edition,24037839,2026-09-26T10:51:50-0700,13.3,13.0,Release,offset,offset=1,268435456,2147483648,0,1048576,256,0,10,0,0,6,1.000,1,1,10,100,1.445888,1.443840,0.001252,1485.2,GB/s,0
NVIDIA RTX PRO 6000 Blackwell Max-Q Workstation Edition,24037839,2026-09-26T10:51:53-0700,13.3,13.0,Release,offset,offset=2,268435456,2147483648,0,1048576,256,0,10,0,0,6,1.000,1,1,10,100,1.445888,1.443840,0.001375,1485.2,GB/s,0
NVIDIA RTX PRO 6000 Blackwell Max-Q Workstation Edition,24037839,2026-09-26T10:51:56-0700,13.3,13.0,Release,offset,offset=3,268435456,2147483648,0,1048576,256,0,10,0,0,6,1.000,1,1,10,100,1.445888,1.443840,0.001381,1485.2,GB/s,0
NVIDIA RTX PRO 6000 Blackwell Max-Q Workstation Edition,24037839,2026-09-26T10:51:59-0700,13.3,13.0,Release,offset,offset=4,268435456,2147483648,0,1048576,256,0,10,0,0,6,1.000,1,1,10,100,1.445888,1.443840,0.001407,1485.2,GB/s,0
NVIDIA RTX PRO 6000 Blackwell Max-Q Workstation Edition,24037839,2026-09-26T10:52:02-0700,13.3,13.0,Release,offset,offset=5,268435456,2147483648,0,1048576,256,0,10,0,0,6,1.000,1,1,10,100,1.445888,1.443840,0.001211,1485.2,GB/s,0
NVIDIA RTX PRO 6000 Blackwell Max-Q Workstation Edition,24037839,2026-09-26T10:52:05-0700,13.3,13.0,Release,offset,offset=6,268435456,2147483648,0,1048576,256,0,10,0,0,6,1.000,1,1,10,100,1.445888,1.443840,0.001284,1485.2,GB/s,0
NVIDIA RTX PRO 6000 Blackwell Max-Q Workstation Edition,24037839,2026-09-26T10:52:08-0700,13.3,13.0,Release,offset,offset=7,268435456,2147483648,0,1048576,256,0,10,0,0,6,1.000,1,1,10,100,1.445888,1.443840,0.001341,1485.2,GB/s,0
NVIDIA RTX PRO 6000 Blackwell Max-Q Workstation Edition,24037839,2026-09-26T10:52:11-0700,13.3,13.0,Release,offset,offset=8,268435456,2147483648,0,1048576,256,0,10,0,0,6,1.000,1,1,10,100,1.445888,1.443840,0.001284,1485.2,GB/s,0
NVIDIA RTX PRO 6000 Blackwell Max-Q Workstation Edition,24037839,2026-09-26T10:52:14-0700,13.3,13.0,Release,offset,offset=9,268435456,2147483648,0,1048576,256,0,10,0,0,6,1.000,1,1,10,100,1.445888,1.443488,0.001299,1485.2,GB/s,0
NVIDIA RTX PRO 6000 Blackwell Max-Q Workstation Edition,24037839,2026-09-26T10:52:17-0700,13.3,13.0,Release,offset,offset=10,268435456,2147483648,0,1048576,256,0,10,0,0,6,1.000,1,1,10,100,1.445888,1.443840,0.001330,1485.2,GB/s,0
NVIDIA RTX PRO 6000 Blackwell Max-Q Workstation Edition,24037839,2026-09-26T10:52:19-0700,13.3,13.0,Release,offset,offset=11,268435456,2147483648,0,1048576,256,0,10,0,0,6,1.000,1,1,10,100,1.445888,1.443808,0.001189,1485.2,GB/s,0
NVIDIA RTX PRO 6000 Blackwell Max-Q Workstation Edition,24037839,2026-09-26T10:52:22-0700,13.3,13.0,Release,offset,offset=12,268435456,2147483648,0,1048576,256,0,10,0,0,6,1.000,1,1,10,100,1.445888,1.443840,0.001387,1485.2,GB/s,0
NVIDIA RTX PRO 6000 Blackwell Max-Q Workstation Edition,24037839,2026-09-26T10:52:25-0700,13.3,13.0,Release,offset,offset=13,268435456,2147483648,0,1048576,256,0,10,0,0,6,1.000,1,1,10,100,1.445888,1.443840,0.001342,1485.2,GB/s,0
NVIDIA RTX PRO 6000 Blackwell Max-Q Workstation Edition,24037839,2026-09-26T10:52:28-0700,13.3,13.0,Release,offset,offset=14,268435456,2147483648,0,1048576,256,0,10,0,0,6,1.000,1,1,10,100,1.445888,1.443840,0.001374,1485.2,GB/s,0
NVIDIA RTX PRO 6000 Blackwell Max-Q Workstation Edition,24037839,2026-09-26T10:52:31-0700,13.3,13.0,Release,offset,offset=15,268435456,2147483648,0,1048576,256,0,10,0,0,6,1.000,1,1,10,100,1.445888,1.441792,0.001414,1485.2,GB/s,0
NVIDIA RTX PRO 6000 Blackwell Max-Q Workstation Edition,24037839,2026-09-26T10:52:34-0700,13.3,13.0,Release,offset,offset=16,268435456,2147483648,0,1048576,256,0,10,0,0,6,1.000,1,1,10,100,1.445888,1.443840,0.001312,1485.2,GB/s,0
NVIDIA RTX PRO 6000 Blackwell Max-Q Workstation Edition,24037839,2026-09-26T10:52:37-0700,13.3,13.0,Release,offset,offset=17,268435456,2147483648,0,1048576,256,0,10,0,0,6,1.000,1,1,10,100,1.445888,1.443840,0.001277,1485.2,GB/s,0
NVIDIA RTX PRO 6000 Blackwell Max-Q Workstation Edition,24037839,2026-09-26T10:52:40-0700,13.3,13.0,Release,offset,offset=18,268435456,2147483648,0,1048576,256,0,10,0,0,6,1.000,1,1,10,100,1.445888,1.443840,0.001768,1485.2,GB/s,0
NVIDIA RTX PRO 6000 Blackwell Max-Q Workstation Edition,24037839,2026-09-26T10:52:43-0700,13.3,13.0,Release,offset,offset=19,268435456,2147483648,0,1048576,256,0,10,0,0,6,1.000,1,1,10,100,1.445888,1.443840,0.001441,1485.2,GB/s,0
NVIDIA RTX PRO 6000 Blackwell Max-Q Workstation Edition,24037839,2026-09-26T10:52:46-0700,13.3,13.0,Release,offset,offset=20,268435456,2147483648,0,1048576,256,0,10,0,0,6,1.000,1,1,10,100,1.445888,1.443840,0.001229,1485.2,GB/s,0
NVIDIA RTX PRO 6000 Blackwell Max-Q Workstation Edition,24037839,2026-09-26T10:52:49-0700,13.3,13.0,Release,offset,offset=21,268435456,2147483648,0,1048576,256,0,10,0,0,6,1.000,1,1,10,100,1.445888,1.443840,0.001299,1485.2,GB/s,0
NVIDIA RTX PRO 6000 Blackwell Max-Q Workstation Edition,24037839,2026-09-26T10:52:52-0700,13.3,13.0,Release,offset,offset=22,268435456,2147483648,0,1048576,256,0,10,0,0,6,1.000,1,1,10,100,1.445888,1.443840,0.001365,1485.2,GB/s,0
NVIDIA RTX PRO 6000 Blackwell Max-Q Workstation Edition,24037839,2026-09-26T10:52:54-0700,13.3,13.0,Release,offset,offset=23,268435456,2147483648,0,1048576,256,0,10,0,0,6,1.000,1,1,10,100,1.445888,1.443840,0.001201,1485.2,GB/s,0
NVIDIA RTX PRO 6000 Blackwell Max-Q Workstation Edition,24037839,2026-09-26T10:52:57-0700,13.3,13.0,Release,offset,offset=24,268435456,2147483648,0,1048576,256,0,10,0,0,6,1.000,1,1,10,100,1.445888,1.441792,0.001310,1485.2,GB/s,0
NVIDIA RTX PRO 6000 Blackwell Max-Q Workstation Edition,24037839,2026-09-26T10:53:00-0700,13.3,13.0,Release,offset,offset=25,268435456,2147483648,0,1048576,256,0,10,0,0,6,1.000,1,1,10,100,1.445888,1.443840,0.001354,1485.2,GB/s,0
NVIDIA RTX PRO 6000 Blackwell Max-Q Workstation Edition,24037839,2026-09-26T10:53:03-0700,13.3,13.0,Release,offset,offset=26,268435456,2147483648,0,1048576,256,0,10,0,0,6,1.000,1,1,10,100,1.445888,1.443520,0.001327,1485.2,GB/s,0
NVIDIA RTX PRO 6000 Blackwell Max-Q Workstation Edition,24037839,2026-09-26T10:53:06-0700,13.3,13.0,Release,offset,offset=27,268435456,2147483648,0,1048576,256,0,10,0,0,6,1.000,1,1,10,100,1.445888,1.443840,0.001258,1485.2,GB/s,0
NVIDIA RTX PRO 6000 Blackwell Max-Q Workstation Edition,24037839,2026-09-26T10:53:09-0700,13.3,13.0,Release,offset,offset=28,268435456,2147483648,0,1048576,256,0,10,0,0,6,1.000,1,1,10,100,1.445888,1.443840,0.001215,1485.2,GB/s,0
NVIDIA RTX PRO 6000 Blackwell Max-Q Workstation Edition,24037839,2026-09-26T10:53:12-0700,13.3,13.0,Release,offset,offset=29,268435456,2147483648,0,1048576,256,0,10,0,0,6,1.000,1,1,10,100,1.445888,1.443840,0.001215,1485.2,GB/s,0
NVIDIA RTX PRO 6000 Blackwell Max-Q Workstation Edition,24037839,2026-09-26T10:53:15-0700,13.3,13.0,Release,offset,offset=30,268435456,2147483648,0,1048576,256,0,10,0,0,6,1.000,1,1,10,100,1.445888,1.443840,0.001279,1485.2,GB/s,0
NVIDIA RTX PRO 6000 Blackwell Max-Q Workstation Edition,24037839,2026-09-26T10:53:18-0700,13.3,13.0,Release,offset,offset=31,268435456,2147483648,0,1048576,256,0,10,0,0,6,1.000,1,1,10,100,1.445888,1.443840,0.001397,1485.2,GB/s,0
NVIDIA RTX PRO 6000 Blackwell Max-Q Workstation Edition,24037839,2026-09-26T10:53:21-0700,13.3,13.0,Release,offset,offset=32,268435456,2147483648,0,1048576,256,0,10,0,0,6,1.000,1,1,10,100,1.437696,1.435648,0.001463,1493.7,GB/s,0
NVIDIA RTX PRO 6000 Blackwell Max-Q Workstation Edition,24037839,2026-09-26T10:53:23-0700,13.3,13.0,Release,aos_x,-,67108864,536870912,0,262144,256,0,10,0,0,6,1.000,1,1,10,100,0.868352,0.862208,0.002527,618.3,GB/s,0
NVIDIA RTX PRO 6000 Blackwell Max-Q Workstation Edition,24037839,2026-09-26T10:53:24-0700,13.3,13.0,Release,soa_x,-,67108864,536870912,0,262144,256,0,8,0,0,6,1.000,1,1,10,100,0.360448,0.356352,0.001565,1489.5,GB/s,0
NVIDIA RTX PRO 6000 Blackwell Max-Q Workstation Edition,24037839,2026-09-26T10:53:26-0700,13.3,13.0,Release,aos_sum,-,67108864,1342177280,0,262144,256,0,12,0,0,6,1.000,1,1,10,100,0.866304,0.860160,0.002386,1549.3,GB/s,0
NVIDIA RTX PRO 6000 Blackwell Max-Q Workstation Edition,24037839,2026-09-26T10:53:28-0700,13.3,13.0,Release,soa_sum,-,67108864,1342177280,0,262144,256,0,16,0,0,6,1.000,1,1,10,100,0.866304,0.862208,0.001966,1549.3,GB/s,0
