kernel,variant,flush,useful,model,ratio,useful_gbs,model_gbs,median_ms
contiguous,-,0,2147483648,2147483648,1.000,1494.1,1494.1,1.437264
contiguous,-,1,2147483648,2147483648,1.000,1493.7,1493.7,1.437696
strided,stride=1,1,2147483648,2147483648,1.000,1491.6,1491.6,1.439728
strided,stride=2,1,2147483648,3221225472,1.500,1019.0,1528.5,2.107392
strided,stride=4,1,2147483648,5368709120,2.500,621.0,1552.5,3.458048
strided,stride=8,1,2147483648,9663676416,4.500,352.2,1585.0,6.096896
strided,stride=16,1,2147483648,9663676416,4.500,355.9,1601.7,6.033408
strided,stride=32,1,2147483648,9663676416,4.500,353.6,1591.3,6.072848
strided,stride=64,1,2147483648,9663676416,4.500,250.1,1125.3,8.587264
gather,random_permutation,1,3221225472,10737418240,3.333,180.5,601.6,17.847296
offset,offset=0,1,2147483648,2147483680,1.000,1491.6,1491.6,1.439744
offset,offset=1,1,2147483648,2147483680,1.000,1485.2,1485.2,1.445888
offset,offset=2,1,2147483648,2147483680,1.000,1485.2,1485.2,1.445888
offset,offset=3,1,2147483648,2147483680,1.000,1485.2,1485.2,1.445888
offset,offset=4,1,2147483648,2147483680,1.000,1485.2,1485.2,1.445888
offset,offset=5,1,2147483648,2147483680,1.000,1485.2,1485.2,1.445888
offset,offset=6,1,2147483648,2147483680,1.000,1485.2,1485.2,1.445888
offset,offset=7,1,2147483648,2147483680,1.000,1485.2,1485.2,1.445888
offset,offset=8,1,2147483648,2147483680,1.000,1485.2,1485.2,1.445888
offset,offset=9,1,2147483648,2147483680,1.000,1485.2,1485.2,1.445888
offset,offset=10,1,2147483648,2147483680,1.000,1485.2,1485.2,1.445888
offset,offset=11,1,2147483648,2147483680,1.000,1485.2,1485.2,1.445888
offset,offset=12,1,2147483648,2147483680,1.000,1485.2,1485.2,1.445888
offset,offset=13,1,2147483648,2147483680,1.000,1485.2,1485.2,1.445888
offset,offset=14,1,2147483648,2147483680,1.000,1485.2,1485.2,1.445888
offset,offset=15,1,2147483648,2147483680,1.000,1485.2,1485.2,1.445888
offset,offset=16,1,2147483648,2147483680,1.000,1485.2,1485.2,1.445888
offset,offset=17,1,2147483648,2147483680,1.000,1485.2,1485.2,1.445888
offset,offset=18,1,2147483648,2147483680,1.000,1485.2,1485.2,1.445888
offset,offset=19,1,2147483648,2147483680,1.000,1485.2,1485.2,1.445888
offset,offset=20,1,2147483648,2147483680,1.000,1485.2,1485.2,1.445888
offset,offset=21,1,2147483648,2147483680,1.000,1485.2,1485.2,1.445888
offset,offset=22,1,2147483648,2147483680,1.000,1485.2,1485.2,1.445888
offset,offset=23,1,2147483648,2147483680,1.000,1485.2,1485.2,1.445888
offset,offset=24,1,2147483648,2147483680,1.000,1485.2,1485.2,1.445888
offset,offset=25,1,2147483648,2147483680,1.000,1485.2,1485.2,1.445888
offset,offset=26,1,2147483648,2147483680,1.000,1485.2,1485.2,1.445888
offset,offset=27,1,2147483648,2147483680,1.000,1485.2,1485.2,1.445888
offset,offset=28,1,2147483648,2147483680,1.000,1485.2,1485.2,1.445888
offset,offset=29,1,2147483648,2147483680,1.000,1485.2,1485.2,1.445888
offset,offset=30,1,2147483648,2147483680,1.000,1485.2,1485.2,1.445888
offset,offset=31,1,2147483648,2147483680,1.000,1485.2,1485.2,1.445888
offset,offset=32,1,2147483648,2147483680,1.000,1493.7,1493.7,1.437696
aos_x,-,1,536870912,1342177280,2.500,618.3,1545.7,0.868352
soa_x,-,1,536870912,536870912,1.000,1489.5,1489.5,0.360448
aos_sum,-,1,1342177280,1342177280,1.000,1549.3,1549.3,0.866304
soa_sum,-,1,1342177280,1342177280,1.000,1549.3,1549.3,0.866304
