function,opcode,count
matmul_kernel,FFMA,2048
matmul_kernel,LDS.128,176
matmul_kernel,MOV,105
matmul_kernel,MOV.64,64
matmul_kernel,IADD.64,57
matmul_kernel,SEL,43
matmul_kernel,SHF.L.U32,34
matmul_kernel,LOP3.LUT,28
matmul_kernel,IMAD.HI,27
matmul_kernel,IMAD,25
matmul_kernel,LDGSTS.E.BYPASS.128,24
matmul_kernel,UIADD3,23
matmul_kernel,ISETP.NE.U32.AND,18
matmul_kernel,PLOP3.LUT,18
matmul_kernel,STG.E.128,16
matmul_kernel,STS.128,16
matmul_kernel,IADD,15
matmul_kernel,ISETP.GE.AND,15
matmul_kernel,IMAD.WIDE,12
matmul_kernel,LEA,12
matmul_kernel,NOP,12
matmul_kernel,BAR.SYNC.DEFER_BLOCKING,11
matmul_kernel,R2UR,11
matmul_kernel,LDS,9
matmul_kernel,ISETP.LT.AND,8
matmul_kernel,UMOV,7
matmul_kernel,IABS,6
matmul_kernel,LDGDEPBAR,6
matmul_kernel,SHF.R.S32.HI,6
matmul_kernel,UIMAD,6
matmul_kernel,USHF.L.U32,6
matmul_kernel,USHF.R.S32.HI,6
matmul_kernel,LEA.HI.X,5
matmul_kernel,IMAD.WIDE.U32,4
matmul_kernel,LDCU.64,4
matmul_kernel,SGXT.U32,4
matmul_kernel,SHF.R.U32.HI,4
matmul_kernel,UISETP.GE.AND,4
matmul_kernel,UISETP.GT.AND,4
matmul_kernel,ULEA,4
matmul_kernel,ULOP3.LUT,4
matmul_kernel,ULEA.HI,3
matmul_kernel,BRA.U,2
matmul_kernel,DEPBAR.LE,2
matmul_kernel,EXIT,2
matmul_kernel,LDCU,2
matmul_kernel,MUFU.RCP,2
matmul_kernel,S2R,2
matmul_kernel,S2UR,2
matmul_kernel,UF2I.FTZ.U32.TRUNC.NTZ,2
matmul_kernel,UI2F.RP,2
matmul_kernel,UIMAD.HI.U32,2
matmul_kernel,UIMAD.WIDE.U32,2
matmul_kernel,UISETP.GE.U32.AND,2
matmul_kernel,UISETP.GT.U32.AND,2
matmul_kernel,UISETP.NE.AND,2
matmul_kernel,USEL,2
matmul_kernel,USHF.L.U64.HI,2
matmul_kernel,BRA,1
matmul_kernel,IADD3,1
matmul_kernel,IMAD.HI.U32,1
matmul_kernel,LDC,1
matmul_kernel,LDCU.128,1
matmul_kernel,LEA.HI,1
matmul_kernel,SHF.L.U64.HI,1
matmul_kernel,UISETP.NE.U32.AND,1
matmul_kernel,ULEA.HI.SX32,1
matmul_kernel,UVIMNMX.S32,1
