label,samples_total,samples_active,sm_mhz_median,sm_mhz_min,sm_mhz_max,mem_mhz_median,power_w_median,power_w_max,temp_c_median,temp_c_max,fp32_peak_gflops_at_median_clock
sgemm_v0_4096,39,23,1537.0,1537.0,1567.0,13365.0,300.0,300.07,49.0,50.0,73972.7
sgemm_v0_8192,75,50,1515.0,1507.0,1995.0,13365.0,300.0,300.16,52.0,54.0,72913.9
sgemm_v4_4096,84,74,1942.0,1507.0,2332.0,13365.0,300.0,301.18,56.0,58.0,93464.6
sgemm_v4_8192,162,137,2025.0,1935.0,2332.0,13365.0,300.0,300.1,61.0,64.0,97459.2
sgemm_v5_4096,73,63,2160.0,2017.0,2317.0,13365.0,300.0,305.91,65.0,66.0,103956.5
sgemm_v5_8192,147,122,2160.0,2152.0,2332.0,13365.0,300.0,300.06,66.0,68.0,103956.5
sgemm_v6_4096,49,39,1732.0,1732.0,2317.0,13365.0,300.0,307.99,68.0,69.0,83357.7
sgemm_v6_8192,92,67,1642.0,1635.0,1972.0,13365.0,300.0,300.43,68.0,69.0,79026.2
vector_add_2GiB,78,48,2190.0,1822.0,2332.0,13365.0,300.0,304.27,65.0,65.0,105400.3
copy_2GiB,65,45,2332.0,2190.0,2332.0,13365.0,299.5,300.12,65.0,66.0,112234.5
reduce_v5_2p28,53,23,1822.0,1815.0,2332.0,13365.0,300.0,304.01,65.0,66.0,87689.2
