timestamp, clocks.current.sm [MHz], clocks.current.memory [MHz], power.draw [W], temperature.gpu
2026/09/26 11:50:19.455, 180, 405, 12.53, 40
2026/09/26 11:50:19.566, 180, 405, 12.53, 40
2026/09/26 11:50:19.666, 180, 405, 12.53, 40
2026/09/26 11:50:19.766, 180, 405, 12.53, 40
2026/09/26 11:50:19.866, 180, 405, 12.53, 40
2026/09/26 11:50:19.966, 180, 405, 12.53, 40
2026/09/26 11:50:20.067, 180, 405, 12.80, 40
2026/09/26 11:50:20.167, 180, 405, 12.80, 40
2026/09/26 11:50:20.267, 180, 405, 12.80, 40
2026/09/26 11:50:20.367, 180, 405, 12.80, 40
2026/09/26 11:50:20.467, 180, 405, 12.80, 40
2026/09/26 11:50:20.567, 180, 405, 12.80, 40
2026/09/26 11:50:20.667, 180, 405, 12.80, 40
2026/09/26 11:50:20.767, 180, 405, 12.80, 40
2026/09/26 11:50:20.868, 180, 405, 12.80, 40
2026/09/26 11:50:20.968, 180, 405, 12.80, 40
2026/09/26 11:50:21.068, 180, 405, 12.94, 40
2026/09/26 11:50:21.168, 180, 405, 12.94, 40
2026/09/26 11:50:21.268, 180, 405, 12.94, 40
2026/09/26 11:50:21.368, 180, 405, 12.94, 40
2026/09/26 11:50:21.468, 180, 405, 12.94, 40
2026/09/26 11:50:21.568, 180, 405, 12.94, 40
2026/09/26 11:50:21.669, 180, 405, 12.94, 40
2026/09/26 11:50:21.769, 180, 405, 12.94, 40
2026/09/26 11:50:21.869, 180, 405, 12.94, 40
2026/09/26 11:50:21.969, 180, 405, 12.94, 40
2026/09/26 11:50:22.069, 180, 14001, 14.34, 40
2026/09/26 11:50:22.169, 180, 14001, 14.34, 40
2026/09/26 11:50:22.269, 180, 14001, 14.34, 40
2026/09/26 11:50:22.369, 180, 14001, 14.34, 40
2026/09/26 11:50:22.469, 180, 14001, 14.34, 40
2026/09/26 11:50:22.570, 2257, 13365, 36.69, 45
2026/09/26 11:50:22.670, 2257, 13365, 36.69, 45
2026/09/26 11:50:22.770, 2257, 13365, 36.69, 45
2026/09/26 11:50:22.870, 2257, 13365, 36.69, 45
2026/09/26 11:50:22.970, 2257, 13365, 36.69, 45
2026/09/26 11:50:23.070, 1567, 13365, 204.24, 47
2026/09/26 11:50:23.170, 1567, 13365, 204.24, 47
2026/09/26 11:50:23.270, 1567, 13365, 204.24, 47
2026/09/26 11:50:23.371, 1567, 13365, 204.24, 47
2026/09/26 11:50:23.471, 1567, 13365, 204.24, 47
2026/09/26 11:50:23.571, 1545, 13365, 295.79, 48
2026/09/26 11:50:23.671, 1545, 13365, 295.79, 48
2026/09/26 11:50:23.771, 1545, 13365, 295.79, 48
2026/09/26 11:50:23.871, 1545, 13365, 295.79, 48
2026/09/26 11:50:23.971, 1545, 13365, 295.79, 48
2026/09/26 11:50:24.071, 1537, 13365, 300.07, 49
2026/09/26 11:50:24.171, 1537, 13365, 300.07, 49
2026/09/26 11:50:24.272, 1537, 13365, 300.07, 49
2026/09/26 11:50:24.372, 1537, 13365, 300.07, 49
2026/09/26 11:50:24.472, 1537, 13365, 300.07, 49
2026/09/26 11:50:24.572, 1537, 13365, 299.99, 49
2026/09/26 11:50:24.672, 1537, 13365, 299.99, 49
2026/09/26 11:50:24.772, 1537, 13365, 299.99, 49
2026/09/26 11:50:24.872, 1537, 13365, 299.99, 49
2026/09/26 11:50:24.972, 1537, 13365, 299.99, 49
2026/09/26 11:50:25.073, 1537, 13365, 299.98, 50
2026/09/26 11:50:25.173, 1537, 13365, 299.98, 50
2026/09/26 11:50:25.273, 1537, 13365, 299.98, 50
2026/09/26 11:50:25.373, 1537, 13365, 299.98, 50
2026/09/26 11:50:25.473, 1537, 13365, 299.98, 50
2026/09/26 11:50:25.573, 1995, 14001, 232.17, 45
2026/09/26 11:50:25.673, 1995, 14001, 232.17, 45
2026/09/26 11:50:25.773, 1995, 14001, 232.17, 45
2026/09/26 11:50:25.874, 1995, 14001, 232.17, 45
2026/09/26 11:50:25.974, 1995, 14001, 232.17, 45
2026/09/26 11:50:26.074, 2332, 14001, 127.13, 44
2026/09/26 11:50:26.174, 2332, 14001, 127.13, 44
2026/09/26 11:50:26.274, 2332, 14001, 127.13, 44
2026/09/26 11:50:26.374, 2332, 14001, 127.13, 44
2026/09/26 11:50:26.474, 2332, 14001, 127.13, 44
2026/09/26 11:50:26.574, 2332, 14001, 69.33, 44
2026/09/26 11:50:26.674, 2332, 14001, 69.33, 44
2026/09/26 11:50:26.775, 2332, 14001, 69.33, 44
2026/09/26 11:50:26.875, 2332, 14001, 69.33, 44
2026/09/26 11:50:26.975, 2332, 14001, 69.33, 44
2026/09/26 11:50:27.075, 2332, 13365, 69.93, 44
2026/09/26 11:50:27.175, 2332, 13365, 69.93, 44
2026/09/26 11:50:27.275, 2332, 13365, 69.93, 44
2026/09/26 11:50:27.375, 2332, 13365, 69.93, 44
2026/09/26 11:50:27.475, 2332, 13365, 69.93, 44
2026/09/26 11:50:27.576, 2137, 13365, 82.87, 44
2026/09/26 11:50:27.676, 2137, 13365, 82.87, 44
2026/09/26 11:50:27.776, 2137, 13365, 82.87, 44
2026/09/26 11:50:27.876, 2137, 13365, 82.87, 44
2026/09/26 11:50:27.976, 2137, 13365, 82.87, 44
2026/09/26 11:50:28.076, 2272, 13365, 81.79, 44
2026/09/26 11:50:28.176, 2272, 13365, 81.79, 44
2026/09/26 11:50:28.276, 2272, 13365, 81.79, 44
2026/09/26 11:50:28.376, 2272, 13365, 81.79, 44
2026/09/26 11:50:28.477, 2272, 13365, 81.79, 44
2026/09/26 11:50:28.577, 1605, 13365, 174.83, 50
2026/09/26 11:50:28.677, 1605, 13365, 174.83, 50
2026/09/26 11:50:28.777, 1605, 13365, 174.83, 50
2026/09/26 11:50:28.877, 1605, 13365, 174.83, 50
2026/09/26 11:50:28.977, 1605, 13365, 174.83, 50
2026/09/26 11:50:29.077, 1515, 13365, 271.65, 51
2026/09/26 11:50:29.177, 1515, 13365, 271.65, 51
2026/09/26 11:50:29.277, 1515, 13365, 271.65, 51
2026/09/26 11:50:29.378, 1515, 13365, 271.65, 51
2026/09/26 11:50:29.478, 1515, 13365, 271.65, 51
2026/09/26 11:50:29.578, 1515, 13365, 300.16, 51
2026/09/26 11:50:29.678, 1515, 13365, 300.16, 51
2026/09/26 11:50:29.778, 1515, 13365, 300.16, 51
2026/09/26 11:50:29.878, 1515, 13365, 300.16, 51
2026/09/26 11:50:29.978, 1515, 13365, 300.16, 51
2026/09/26 11:50:30.078, 1515, 13365, 299.94, 52
2026/09/26 11:50:30.179, 1515, 13365, 299.94, 52
2026/09/26 11:50:30.279, 1515, 13365, 299.94, 52
2026/09/26 11:50:30.379, 1515, 13365, 299.94, 52
2026/09/26 11:50:30.479, 1515, 13365, 299.94, 52
2026/09/26 11:50:30.579, 1507, 13365, 300.02, 52
2026/09/26 11:50:30.679, 1507, 13365, 300.02, 52
2026/09/26 11:50:30.779, 1507, 13365, 300.02, 52
2026/09/26 11:50:30.879, 1507, 13365, 300.02, 52
2026/09/26 11:50:30.979, 1507, 13365, 300.02, 52
2026/09/26 11:50:31.080, 1507, 13365, 299.99, 52
2026/09/26 11:50:31.180, 1507, 13365, 299.99, 52
2026/09/26 11:50:31.280, 1507, 13365, 299.99, 52
2026/09/26 11:50:31.380, 1507, 13365, 299.99, 52
2026/09/26 11:50:31.480, 1507, 13365, 299.99, 52
2026/09/26 11:50:31.580, 1507, 13365, 299.97, 53
2026/09/26 11:50:31.680, 1507, 13365, 299.97, 53
2026/09/26 11:50:31.780, 1507, 13365, 299.97, 53
2026/09/26 11:50:31.881, 1507, 13365, 299.97, 53
2026/09/26 11:50:31.981, 1507, 13365, 299.97, 53
2026/09/26 11:50:32.081, 1507, 13365, 300.01, 53
2026/09/26 11:50:32.181, 1507, 13365, 300.01, 53
2026/09/26 11:50:32.281, 1507, 13365, 300.01, 53
2026/09/26 11:50:32.381, 1507, 13365, 300.01, 53
2026/09/26 11:50:32.481, 1507, 13365, 300.01, 53
2026/09/26 11:50:32.581, 1507, 13365, 298.27, 54
2026/09/26 11:50:32.682, 1507, 13365, 298.27, 54
2026/09/26 11:50:32.782, 1507, 13365, 298.27, 54
2026/09/26 11:50:32.882, 1507, 13365, 298.27, 54
2026/09/26 11:50:32.982, 1507, 13365, 298.27, 54
2026/09/26 11:50:33.082, 2332, 14001, 195.17, 48
2026/09/26 11:50:33.182, 2332, 14001, 195.17, 48
2026/09/26 11:50:33.282, 2332, 14001, 195.17, 48
2026/09/26 11:50:33.382, 2332, 14001, 195.17, 48
2026/09/26 11:50:33.483, 2332, 14001, 195.17, 48
2026/09/26 11:50:33.583, 2332, 13365, 73.25, 48
2026/09/26 11:50:33.683, 2332, 13365, 73.25, 48
2026/09/26 11:50:33.783, 2332, 13365, 73.25, 48
2026/09/26 11:50:33.883, 2332, 13365, 73.25, 48
2026/09/26 11:50:33.983, 2332, 13365, 73.25, 48
2026/09/26 11:50:34.083, 2317, 13365, 124.05, 53
2026/09/26 11:50:34.183, 2317, 13365, 124.05, 53
2026/09/26 11:50:34.283, 2317, 13365, 124.05, 53
2026/09/26 11:50:34.384, 2317, 13365, 124.05, 53
2026/09/26 11:50:34.484, 2317, 13365, 124.05, 53
2026/09/26 11:50:34.584, 1965, 13365, 228.31, 54
2026/09/26 11:50:34.684, 1965, 13365, 228.31, 54
2026/09/26 11:50:34.784, 1965, 13365, 228.31, 54
2026/09/26 11:50:34.884, 1965, 13365, 228.31, 54
2026/09/26 11:50:34.984, 1965, 13365, 228.31, 54
2026/09/26 11:50:35.084, 1950, 13365, 301.18, 54
2026/09/26 11:50:35.184, 1950, 13365, 301.18, 54
2026/09/26 11:50:35.285, 1950, 13365, 301.18, 54
2026/09/26 11:50:35.385, 1950, 13365, 301.18, 54
2026/09/26 11:50:35.485, 1950, 13365, 301.18, 54
2026/09/26 11:50:35.585, 1950, 13365, 299.96, 55
2026/09/26 11:50:35.685, 1950, 13365, 299.96, 55
2026/09/26 11:50:35.785, 1950, 13365, 299.96, 55
2026/09/26 11:50:35.885, 1950, 13365, 299.96, 55
2026/09/26 11:50:35.985, 1950, 13365, 299.96, 55
2026/09/26 11:50:36.085, 1950, 13365, 299.97, 55
2026/09/26 11:50:36.186, 1950, 13365, 299.97, 55
2026/09/26 11:50:36.286, 1950, 13365, 299.97, 55
2026/09/26 11:50:36.386, 1950, 13365, 299.97, 55
2026/09/26 11:50:36.486, 1950, 13365, 299.97, 55
2026/09/26 11:50:36.586, 1942, 13365, 300.00, 56
2026/09/26 11:50:36.686, 1942, 13365, 300.00, 56
2026/09/26 11:50:36.786, 1942, 13365, 300.00, 56
2026/09/26 11:50:36.886, 1942, 13365, 300.00, 56
2026/09/26 11:50:36.987, 1942, 13365, 300.00, 56
2026/09/26 11:50:37.087, 1942, 13365, 300.05, 56
2026/09/26 11:50:37.187, 1942, 13365, 300.05, 56
2026/09/26 11:50:37.287, 1942, 13365, 300.05, 56
2026/09/26 11:50:37.387, 1942, 13365, 300.05, 56
2026/09/26 11:50:37.487, 1942, 13365, 300.05, 56
2026/09/26 11:50:37.587, 1942, 13365, 300.05, 56
2026/09/26 11:50:37.687, 1942, 13365, 300.05, 56
2026/09/26 11:50:37.787, 1942, 13365, 300.05, 56
2026/09/26 11:50:37.888, 1942, 13365, 300.05, 56
2026/09/26 11:50:37.988, 1942, 13365, 300.05, 56
2026/09/26 11:50:38.088, 1935, 13365, 299.99, 57
2026/09/26 11:50:38.188, 1935, 13365, 299.99, 57
2026/09/26 11:50:38.288, 1935, 13365, 299.99, 57
2026/09/26 11:50:38.388, 1935, 13365, 299.99, 57
2026/09/26 11:50:38.488, 1935, 13365, 299.99, 57
2026/09/26 11:50:38.588, 1942, 13365, 299.97, 57
2026/09/26 11:50:38.688, 1942, 13365, 299.97, 57
2026/09/26 11:50:38.789, 1942, 13365, 299.97, 57
2026/09/26 11:50:38.889, 1942, 13365, 299.97, 57
2026/09/26 11:50:38.989, 1942, 13365, 299.97, 57
2026/09/26 11:50:39.089, 1942, 13365, 299.99, 57
2026/09/26 11:50:39.189, 1942, 13365, 299.99, 57
2026/09/26 11:50:39.289, 1942, 13365, 299.99, 57
2026/09/26 11:50:39.389, 1942, 13365, 299.99, 57
2026/09/26 11:50:39.489, 1942, 13365, 299.99, 57
2026/09/26 11:50:39.590, 1935, 13365, 299.95, 58
2026/09/26 11:50:39.690, 1935, 13365, 299.95, 58
2026/09/26 11:50:39.790, 1935, 13365, 299.95, 58
2026/09/26 11:50:39.890, 1935, 13365, 299.95, 58
2026/09/26 11:50:39.990, 1935, 13365, 299.95, 58
2026/09/26 11:50:40.090, 1935, 13365, 300.00, 58
2026/09/26 11:50:40.190, 1935, 13365, 300.00, 58
2026/09/26 11:50:40.290, 1935, 13365, 300.00, 58
2026/09/26 11:50:40.390, 1935, 13365, 300.00, 58
2026/09/26 11:50:40.491, 1935, 13365, 300.00, 58
2026/09/26 11:50:40.591, 1935, 13365, 299.95, 58
2026/09/26 11:50:40.691, 1935, 13365, 299.95, 58
2026/09/26 11:50:40.791, 1935, 13365, 299.95, 58
2026/09/26 11:50:40.891, 1935, 13365, 299.95, 58
2026/09/26 11:50:40.991, 1935, 13365, 299.95, 58
2026/09/26 11:50:41.091, 1935, 13365, 299.95, 58
2026/09/26 11:50:41.191, 1935, 13365, 299.95, 58
2026/09/26 11:50:41.292, 1935, 13365, 299.95, 58
2026/09/26 11:50:41.392, 1935, 13365, 299.95, 58
2026/09/26 11:50:41.492, 1935, 13365, 299.95, 58
2026/09/26 11:50:41.592, 2332, 14001, 207.40, 53
2026/09/26 11:50:41.692, 2332, 14001, 207.40, 53
2026/09/26 11:50:41.792, 2332, 14001, 207.40, 53
2026/09/26 11:50:41.892, 2332, 14001, 207.40, 53
2026/09/26 11:50:41.992, 2332, 14001, 207.40, 53
2026/09/26 11:50:42.093, 2332, 14001, 85.33, 52
2026/09/26 11:50:42.193, 2332, 14001, 85.33, 52
2026/09/26 11:50:42.293, 2332, 14001, 85.33, 52
2026/09/26 11:50:42.393, 2332, 14001, 85.33, 52
2026/09/26 11:50:42.493, 2332, 14001, 85.33, 52
2026/09/26 11:50:42.593, 2332, 14001, 75.65, 52
2026/09/26 11:50:42.693, 2332, 14001, 75.65, 52
2026/09/26 11:50:42.793, 2332, 14001, 75.65, 52
2026/09/26 11:50:42.893, 2332, 14001, 75.65, 52
2026/09/26 11:50:42.994, 2332, 14001, 75.65, 52
2026/09/26 11:50:43.094, 2332, 13365, 89.30, 54
2026/09/26 11:50:43.194, 2332, 13365, 89.30, 54
2026/09/26 11:50:43.294, 2332, 13365, 89.30, 54
2026/09/26 11:50:43.394, 2332, 13365, 89.30, 54
2026/09/26 11:50:43.494, 2332, 13365, 89.30, 54
2026/09/26 11:50:43.594, 2325, 13365, 96.75, 52
2026/09/26 11:50:43.694, 2325, 13365, 96.75, 52
2026/09/26 11:50:43.794, 2325, 13365, 96.75, 52
2026/09/26 11:50:43.895, 2325, 13365, 96.75, 52
2026/09/26 11:50:43.995, 2325, 13365, 96.75, 52
2026/09/26 11:50:44.095, 2332, 13365, 99.21, 56
2026/09/26 11:50:44.195, 2332, 13365, 99.21, 56
2026/09/26 11:50:44.295, 2332, 13365, 99.21, 56
2026/09/26 11:50:44.395, 2332, 13365, 99.21, 56
2026/09/26 11:50:44.495, 2332, 13365, 99.21, 56
2026/09/26 11:50:44.595, 2070, 13365, 205.86, 57
2026/09/26 11:50:44.695, 2070, 13365, 205.86, 57
2026/09/26 11:50:44.796, 2070, 13365, 205.86, 57
2026/09/26 11:50:44.896, 2070, 13365, 205.86, 57
2026/09/26 11:50:44.996, 2070, 13365, 205.86, 57
2026/09/26 11:50:45.096, 2010, 13365, 296.68, 58
2026/09/26 11:50:45.196, 2010, 13365, 296.68, 58
2026/09/26 11:50:45.296, 2010, 13365, 296.68, 58
2026/09/26 11:50:45.396, 2010, 13365, 296.68, 58
2026/09/26 11:50:45.496, 2010, 13365, 296.68, 58
2026/09/26 11:50:45.596, 2002, 13365, 300.10, 58
2026/09/26 11:50:45.697, 2002, 13365, 300.10, 58
2026/09/26 11:50:45.797, 2002, 13365, 300.10, 58
2026/09/26 11:50:45.897, 2002, 13365, 300.10, 58
2026/09/26 11:50:45.997, 2002, 13365, 300.10, 58
2026/09/26 11:50:46.097, 2010, 13365, 300.00, 59
2026/09/26 11:50:46.197, 2010, 13365, 300.00, 59
2026/09/26 11:50:46.297, 2010, 13365, 300.00, 59
2026/09/26 11:50:46.397, 2010, 13365, 300.00, 59
2026/09/26 11:50:46.497, 2010, 13365, 300.00, 59
2026/09/26 11:50:46.598, 2002, 13365, 299.99, 59
2026/09/26 11:50:46.698, 2002, 13365, 299.99, 59
2026/09/26 11:50:46.798, 2002, 13365, 299.99, 59
2026/09/26 11:50:46.898, 2002, 13365, 299.99, 59
2026/09/26 11:50:46.998, 2002, 13365, 299.99, 59
2026/09/26 11:50:47.098, 1995, 13365, 300.05, 59
2026/09/26 11:50:47.198, 1995, 13365, 300.05, 59
2026/09/26 11:50:47.298, 1995, 13365, 300.05, 59
2026/09/26 11:50:47.398, 1995, 13365, 300.05, 59
2026/09/26 11:50:47.499, 1995, 13365, 300.05, 59
2026/09/26 11:50:47.599, 1995, 13365, 300.04, 60
2026/09/26 11:50:47.699, 1995, 13365, 300.04, 60
2026/09/26 11:50:47.799, 1995, 13365, 300.04, 60
2026/09/26 11:50:47.899, 1995, 13365, 300.04, 60
2026/09/26 11:50:47.999, 1995, 13365, 300.04, 60
2026/09/26 11:50:48.099, 1995, 13365, 299.98, 60
2026/09/26 11:50:48.199, 1995, 13365, 299.98, 60
2026/09/26 11:50:48.299, 1995, 13365, 299.98, 60
2026/09/26 11:50:48.399, 1995, 13365, 299.98, 60
2026/09/26 11:50:48.500, 1995, 13365, 299.98, 60
2026/09/26 11:50:48.600, 1995, 13365, 299.98, 60
2026/09/26 11:50:48.700, 1995, 13365, 299.98, 60
2026/09/26 11:50:48.800, 1995, 13365, 299.98, 60
2026/09/26 11:50:48.900, 1995, 13365, 299.98, 60
2026/09/26 11:50:49.000, 1995, 13365, 299.98, 60
2026/09/26 11:50:49.100, 2040, 13365, 300.04, 60
2026/09/26 11:50:49.200, 2040, 13365, 300.04, 60
2026/09/26 11:50:49.301, 2040, 13365, 300.04, 60
2026/09/26 11:50:49.401, 2040, 13365, 300.04, 60
2026/09/26 11:50:49.501, 2040, 13365, 300.04, 60
2026/09/26 11:50:49.601, 2032, 13365, 300.04, 61
2026/09/26 11:50:49.701, 2032, 13365, 300.04, 61
2026/09/26 11:50:49.801, 2032, 13365, 300.04, 61
2026/09/26 11:50:49.901, 2032, 13365, 300.04, 61
2026/09/26 11:50:50.001, 2032, 13365, 300.04, 61
2026/09/26 11:50:50.101, 2032, 13365, 300.05, 61
2026/09/26 11:50:50.202, 2032, 13365, 300.05, 61
2026/09/26 11:50:50.302, 2032, 13365, 300.05, 61
2026/09/26 11:50:50.402, 2032, 13365, 300.05, 61
2026/09/26 11:50:50.502, 2032, 13365, 300.05, 61
2026/09/26 11:50:50.602, 2032, 13365, 299.96, 61
2026/09/26 11:50:50.702, 2032, 13365, 299.96, 61
2026/09/26 11:50:50.802, 2032, 13365, 299.96, 61
2026/09/26 11:50:50.902, 2032, 13365, 299.96, 61
2026/09/26 11:50:51.002, 2032, 13365, 299.96, 61
2026/09/26 11:50:51.103, 2032, 13365, 300.00, 61
2026/09/26 11:50:51.203, 2032, 13365, 300.00, 61
2026/09/26 11:50:51.303, 2032, 13365, 300.00, 61
2026/09/26 11:50:51.403, 2032, 13365, 300.00, 61
2026/09/26 11:50:51.503, 2032, 13365, 300.00, 61
2026/09/26 11:50:51.603, 2032, 13365, 300.03, 62
2026/09/26 11:50:51.703, 2032, 13365, 300.03, 62
2026/09/26 11:50:51.803, 2032, 13365, 300.03, 62
2026/09/26 11:50:51.903, 2032, 13365, 300.03, 62
2026/09/26 11:50:52.004, 2032, 13365, 300.03, 62
2026/09/26 11:50:52.104, 2025, 13365, 300.01, 62
2026/09/26 11:50:52.204, 2025, 13365, 300.01, 62
2026/09/26 11:50:52.304, 2025, 13365, 300.01, 62
2026/09/26 11:50:52.404, 2025, 13365, 300.01, 62
2026/09/26 11:50:52.504, 2025, 13365, 300.01, 62
2026/09/26 11:50:52.604, 2025, 13365, 299.98, 62
2026/09/26 11:50:52.704, 2025, 13365, 299.98, 62
2026/09/26 11:50:52.804, 2025, 13365, 299.98, 62
2026/09/26 11:50:52.905, 2025, 13365, 299.98, 62
2026/09/26 11:50:53.005, 2025, 13365, 299.98, 62
2026/09/26 11:50:53.105, 2025, 13365, 300.02, 62
2026/09/26 11:50:53.205, 2025, 13365, 300.02, 62
2026/09/26 11:50:53.305, 2025, 13365, 300.02, 62
2026/09/26 11:50:53.405, 2025, 13365, 300.02, 62
2026/09/26 11:50:53.505, 2025, 13365, 300.02, 62
2026/09/26 11:50:53.605, 2025, 13365, 299.99, 62
2026/09/26 11:50:53.705, 2025, 13365, 299.99, 62
2026/09/26 11:50:53.806, 2025, 13365, 299.99, 62
2026/09/26 11:50:53.906, 2025, 13365, 299.99, 62
2026/09/26 11:50:54.006, 2025, 13365, 299.99, 62
2026/09/26 11:50:54.106, 2025, 13365, 299.98, 63
2026/09/26 11:50:54.206, 2025, 13365, 299.98, 63
2026/09/26 11:50:54.306, 2025, 13365, 299.98, 63
2026/09/26 11:50:54.406, 2025, 13365, 299.98, 63
2026/09/26 11:50:54.506, 2025, 13365, 299.98, 63
2026/09/26 11:50:54.607, 2025, 13365, 300.02, 63
2026/09/26 11:50:54.707, 2025, 13365, 300.02, 63
2026/09/26 11:50:54.807, 2025, 13365, 300.02, 63
2026/09/26 11:50:54.907, 2025, 13365, 300.02, 63
2026/09/26 11:50:55.007, 2025, 13365, 300.02, 63
2026/09/26 11:50:55.107, 2025, 13365, 299.98, 63
2026/09/26 11:50:55.207, 2025, 13365, 299.98, 63
2026/09/26 11:50:55.307, 2025, 13365, 299.98, 63
2026/09/26 11:50:55.407, 2025, 13365, 299.98, 63
2026/09/26 11:50:55.508, 2025, 13365, 299.98, 63
2026/09/26 11:50:55.608, 2017, 13365, 300.05, 63
2026/09/26 11:50:55.708, 2017, 13365, 300.05, 63
2026/09/26 11:50:55.808, 2017, 13365, 300.05, 63
2026/09/26 11:50:55.908, 2017, 13365, 300.05, 63
2026/09/26 11:50:56.008, 2017, 13365, 300.05, 63
2026/09/26 11:50:56.108, 2017, 13365, 300.04, 63
2026/09/26 11:50:56.208, 2017, 13365, 300.04, 63
2026/09/26 11:50:56.308, 2017, 13365, 300.04, 63
2026/09/26 11:50:56.409, 2017, 13365, 300.04, 63
2026/09/26 11:50:56.509, 2017, 13365, 300.04, 63
2026/09/26 11:50:56.609, 2017, 13365, 299.98, 64
2026/09/26 11:50:56.709, 2017, 13365, 299.98, 64
2026/09/26 11:50:56.809, 2017, 13365, 299.98, 64
2026/09/26 11:50:56.909, 2017, 13365, 299.98, 64
2026/09/26 11:50:57.009, 2017, 13365, 299.98, 64
2026/09/26 11:50:57.109, 2017, 13365, 300.02, 64
2026/09/26 11:50:57.209, 2017, 13365, 300.02, 64
2026/09/26 11:50:57.309, 2017, 13365, 300.02, 64
2026/09/26 11:50:57.410, 2017, 13365, 300.02, 64
2026/09/26 11:50:57.510, 2017, 13365, 300.02, 64
2026/09/26 11:50:57.610, 2317, 14001, 218.12, 58
2026/09/26 11:50:57.710, 2317, 14001, 218.12, 58
2026/09/26 11:50:57.810, 2317, 14001, 218.12, 58
2026/09/26 11:50:57.910, 2317, 14001, 218.12, 58
2026/09/26 11:50:58.010, 2317, 14001, 218.12, 58
2026/09/26 11:50:58.110, 2332, 13365, 100.61, 58
2026/09/26 11:50:58.211, 2332, 13365, 100.61, 58
2026/09/26 11:50:58.311, 2332, 13365, 100.61, 58
2026/09/26 11:50:58.411, 2332, 13365, 100.61, 58
2026/09/26 11:50:58.511, 2332, 13365, 100.61, 58
2026/09/26 11:50:58.611, 2325, 13365, 107.21, 63
2026/09/26 11:50:58.711, 2325, 13365, 107.21, 63
2026/09/26 11:50:58.811, 2325, 13365, 107.21, 63
2026/09/26 11:50:58.911, 2325, 13365, 107.21, 63
2026/09/26 11:50:59.012, 2325, 13365, 107.21, 63
2026/09/26 11:50:59.112, 2205, 13365, 221.16, 63
2026/09/26 11:50:59.212, 2205, 13365, 221.16, 63
2026/09/26 11:50:59.312, 2205, 13365, 221.16, 63
2026/09/26 11:50:59.412, 2205, 13365, 221.16, 63
2026/09/26 11:50:59.512, 2205, 13365, 221.16, 63
2026/09/26 11:50:59.612, 2160, 13365, 305.91, 64
2026/09/26 11:50:59.712, 2160, 13365, 305.91, 64
2026/09/26 11:50:59.812, 2160, 13365, 305.91, 64
2026/09/26 11:50:59.913, 2160, 13365, 305.91, 64
2026/09/26 11:51:00.013, 2160, 13365, 305.91, 64
2026/09/26 11:51:00.113, 2160, 13365, 300.08, 64
2026/09/26 11:51:00.213, 2160, 13365, 300.08, 64
2026/09/26 11:51:00.313, 2160, 13365, 300.08, 64
2026/09/26 11:51:00.413, 2160, 13365, 300.08, 64
2026/09/26 11:51:00.513, 2160, 13365, 300.08, 64
2026/09/26 11:51:00.613, 2160, 13365, 299.97, 64
2026/09/26 11:51:00.714, 2160, 13365, 299.97, 64
2026/09/26 11:51:00.814, 2160, 13365, 299.97, 64
2026/09/26 11:51:00.914, 2160, 13365, 299.97, 64
2026/09/26 11:51:01.014, 2160, 13365, 299.97, 64
2026/09/26 11:51:01.114, 2160, 13365, 299.99, 64
2026/09/26 11:51:01.214, 2160, 13365, 299.99, 64
2026/09/26 11:51:01.314, 2160, 13365, 299.99, 64
2026/09/26 11:51:01.414, 2160, 13365, 299.99, 64
2026/09/26 11:51:01.515, 2160, 13365, 299.99, 64
2026/09/26 11:51:01.615, 2167, 13365, 300.02, 65
2026/09/26 11:51:01.715, 2167, 13365, 300.02, 65
2026/09/26 11:51:01.815, 2167, 13365, 300.02, 65
2026/09/26 11:51:01.915, 2167, 13365, 300.02, 65
2026/09/26 11:51:02.015, 2167, 13365, 300.02, 65
2026/09/26 11:51:02.115, 2160, 13365, 299.97, 65
2026/09/26 11:51:02.215, 2160, 13365, 299.97, 65
2026/09/26 11:51:02.315, 2160, 13365, 299.97, 65
2026/09/26 11:51:02.416, 2160, 13365, 299.97, 65
2026/09/26 11:51:02.516, 2160, 13365, 299.97, 65
2026/09/26 11:51:02.616, 2160, 13365, 300.02, 65
2026/09/26 11:51:02.716, 2160, 13365, 300.02, 65
2026/09/26 11:51:02.816, 2160, 13365, 300.02, 65
2026/09/26 11:51:02.916, 2160, 13365, 300.02, 65
2026/09/26 11:51:03.016, 2160, 13365, 300.02, 65
2026/09/26 11:51:03.116, 2160, 13365, 299.99, 65
2026/09/26 11:51:03.217, 2160, 13365, 299.99, 65
2026/09/26 11:51:03.317, 2160, 13365, 299.99, 65
2026/09/26 11:51:03.417, 2160, 13365, 299.99, 65
2026/09/26 11:51:03.517, 2160, 13365, 299.99, 65
2026/09/26 11:51:03.617, 2160, 13365, 300.03, 65
2026/09/26 11:51:03.717, 2160, 13365, 300.03, 65
2026/09/26 11:51:03.817, 2160, 13365, 300.03, 65
2026/09/26 11:51:03.917, 2160, 13365, 300.03, 65
2026/09/26 11:51:04.017, 2160, 13365, 300.03, 65
2026/09/26 11:51:04.118, 2160, 13365, 300.01, 66
2026/09/26 11:51:04.218, 2160, 13365, 300.01, 66
2026/09/26 11:51:04.318, 2160, 13365, 300.01, 66
2026/09/26 11:51:04.418, 2160, 13365, 300.01, 66
2026/09/26 11:51:04.518, 2160, 13365, 300.01, 66
2026/09/26 11:51:04.618, 2160, 13365, 299.98, 66
2026/09/26 11:51:04.718, 2160, 13365, 299.98, 66
2026/09/26 11:51:04.818, 2160, 13365, 299.98, 66
2026/09/26 11:51:04.919, 2160, 13365, 299.98, 66
2026/09/26 11:51:05.019, 2160, 13365, 299.98, 66
2026/09/26 11:51:05.119, 2332, 14001, 204.70, 60
2026/09/26 11:51:05.219, 2332, 14001, 204.70, 60
2026/09/26 11:51:05.319, 2332, 14001, 204.70, 60
2026/09/26 11:51:05.419, 2332, 14001, 204.70, 60
2026/09/26 11:51:05.519, 2332, 14001, 204.70, 60
2026/09/26 11:51:05.619, 2332, 14001, 104.53, 59
2026/09/26 11:51:05.720, 2332, 14001, 104.53, 59
2026/09/26 11:51:05.820, 2332, 14001, 104.53, 59
2026/09/26 11:51:05.920, 2332, 14001, 104.53, 59
2026/09/26 11:51:06.020, 2332, 14001, 104.53, 59
2026/09/26 11:51:06.120, 2332, 14001, 84.50, 59
2026/09/26 11:51:06.220, 2332, 14001, 84.50, 59
2026/09/26 11:51:06.320, 2332, 14001, 84.50, 59
2026/09/26 11:51:06.420, 2332, 14001, 84.50, 59
2026/09/26 11:51:06.520, 2332, 14001, 84.50, 59
2026/09/26 11:51:06.621, 2332, 13365, 91.82, 60
2026/09/26 11:51:06.721, 2332, 13365, 91.82, 60
2026/09/26 11:51:06.821, 2332, 13365, 91.82, 60
2026/09/26 11:51:06.921, 2332, 13365, 91.82, 60
2026/09/26 11:51:07.021, 2332, 13365, 91.82, 60
2026/09/26 11:51:07.121, 2272, 13365, 98.29, 59
2026/09/26 11:51:07.221, 2272, 13365, 98.29, 59
2026/09/26 11:51:07.321, 2272, 13365, 98.29, 59
2026/09/26 11:51:07.421, 2272, 13365, 98.29, 59
2026/09/26 11:51:07.522, 2272, 13365, 98.29, 59
2026/09/26 11:51:07.622, 2272, 13365, 109.94, 62
2026/09/26 11:51:07.722, 2272, 13365, 109.94, 62
2026/09/26 11:51:07.822, 2272, 13365, 109.94, 62
2026/09/26 11:51:07.922, 2272, 13365, 109.94, 62
2026/09/26 11:51:08.022, 2272, 13365, 109.94, 62
2026/09/26 11:51:08.122, 2182, 13365, 205.62, 64
2026/09/26 11:51:08.222, 2182, 13365, 205.62, 64
2026/09/26 11:51:08.322, 2182, 13365, 205.62, 64
2026/09/26 11:51:08.423, 2182, 13365, 205.62, 64
2026/09/26 11:51:08.523, 2182, 13365, 205.62, 64
2026/09/26 11:51:08.623, 2152, 13365, 295.50, 64
2026/09/26 11:51:08.723, 2152, 13365, 295.50, 64
2026/09/26 11:51:08.823, 2152, 13365, 295.50, 64
2026/09/26 11:51:08.923, 2152, 13365, 295.50, 64
2026/09/26 11:51:09.023, 2152, 13365, 295.50, 64
2026/09/26 11:51:09.123, 2152, 13365, 300.01, 65
2026/09/26 11:51:09.223, 2152, 13365, 300.01, 65
2026/09/26 11:51:09.324, 2152, 13365, 300.01, 65
2026/09/26 11:51:09.424, 2152, 13365, 300.01, 65
2026/09/26 11:51:09.524, 2152, 13365, 300.01, 65
2026/09/26 11:51:09.624, 2167, 13365, 299.99, 65
2026/09/26 11:51:09.724, 2167, 13365, 299.99, 65
2026/09/26 11:51:09.824, 2167, 13365, 299.99, 65
2026/09/26 11:51:09.924, 2167, 13365, 299.99, 65
2026/09/26 11:51:10.024, 2167, 13365, 299.99, 65
2026/09/26 11:51:10.125, 2167, 13365, 300.00, 65
2026/09/26 11:51:10.225, 2167, 13365, 300.00, 65
2026/09/26 11:51:10.325, 2167, 13365, 300.00, 65
2026/09/26 11:51:10.425, 2167, 13365, 300.00, 65
2026/09/26 11:51:10.525, 2167, 13365, 300.00, 65
2026/09/26 11:51:10.625, 2167, 13365, 300.00, 65
2026/09/26 11:51:10.725, 2167, 13365, 300.00, 65
2026/09/26 11:51:10.825, 2167, 13365, 300.00, 65
2026/09/26 11:51:10.925, 2167, 13365, 300.00, 65
2026/09/26 11:51:11.026, 2167, 13365, 300.00, 65
2026/09/26 11:51:11.126, 2167, 13365, 300.00, 66
2026/09/26 11:51:11.226, 2167, 13365, 300.00, 66
2026/09/26 11:51:11.326, 2167, 13365, 300.00, 66
2026/09/26 11:51:11.426, 2167, 13365, 300.00, 66
2026/09/26 11:51:11.526, 2167, 13365, 300.00, 66
2026/09/26 11:51:11.626, 2167, 13365, 299.99, 66
2026/09/26 11:51:11.726, 2167, 13365, 299.99, 66
2026/09/26 11:51:11.826, 2167, 13365, 299.99, 66
2026/09/26 11:51:11.927, 2167, 13365, 299.99, 66
2026/09/26 11:51:12.027, 2167, 13365, 299.99, 66
2026/09/26 11:51:12.127, 2167, 13365, 299.96, 66
2026/09/26 11:51:12.227, 2167, 13365, 299.96, 66
2026/09/26 11:51:12.327, 2167, 13365, 299.96, 66
2026/09/26 11:51:12.427, 2167, 13365, 299.96, 66
2026/09/26 11:51:12.527, 2167, 13365, 299.96, 66
2026/09/26 11:51:12.627, 2160, 13365, 300.01, 66
2026/09/26 11:51:12.727, 2160, 13365, 300.01, 66
2026/09/26 11:51:12.828, 2160, 13365, 300.01, 66
2026/09/26 11:51:12.928, 2160, 13365, 300.01, 66
2026/09/26 11:51:13.028, 2160, 13365, 300.01, 66
2026/09/26 11:51:13.128, 2160, 13365, 300.04, 66
2026/09/26 11:51:13.228, 2160, 13365, 300.04, 66
2026/09/26 11:51:13.328, 2160, 13365, 300.04, 66
2026/09/26 11:51:13.428, 2160, 13365, 300.04, 66
2026/09/26 11:51:13.528, 2160, 13365, 300.04, 66
2026/09/26 11:51:13.628, 2160, 13365, 300.04, 67
2026/09/26 11:51:13.729, 2160, 13365, 300.04, 67
2026/09/26 11:51:13.829, 2160, 13365, 300.04, 67
2026/09/26 11:51:13.929, 2160, 13365, 300.04, 67
2026/09/26 11:51:14.029, 2160, 13365, 300.04, 67
2026/09/26 11:51:14.129, 2160, 13365, 299.99, 67
2026/09/26 11:51:14.229, 2160, 13365, 299.99, 67
2026/09/26 11:51:14.329, 2160, 13365, 299.99, 67
2026/09/26 11:51:14.429, 2160, 13365, 299.99, 67
2026/09/26 11:51:14.530, 2160, 13365, 299.99, 67
2026/09/26 11:51:14.630, 2160, 13365, 299.91, 67
2026/09/26 11:51:14.730, 2160, 13365, 299.91, 67
2026/09/26 11:51:14.830, 2160, 13365, 299.91, 67
2026/09/26 11:51:14.930, 2160, 13365, 299.91, 67
2026/09/26 11:51:15.030, 2160, 13365, 299.91, 67
2026/09/26 11:51:15.130, 2160, 13365, 299.95, 67
2026/09/26 11:51:15.230, 2160, 13365, 299.95, 67
2026/09/26 11:51:15.330, 2160, 13365, 299.95, 67
2026/09/26 11:51:15.430, 2160, 13365, 299.95, 67
2026/09/26 11:51:15.531, 2160, 13365, 299.95, 67
2026/09/26 11:51:15.631, 2160, 13365, 299.98, 67
2026/09/26 11:51:15.731, 2160, 13365, 299.98, 67
2026/09/26 11:51:15.831, 2160, 13365, 299.98, 67
2026/09/26 11:51:15.931, 2160, 13365, 299.98, 67
2026/09/26 11:51:16.031, 2160, 13365, 299.98, 67
2026/09/26 11:51:16.131, 2160, 13365, 300.02, 67
2026/09/26 11:51:16.231, 2160, 13365, 300.02, 67
2026/09/26 11:51:16.331, 2160, 13365, 300.02, 67
2026/09/26 11:51:16.432, 2160, 13365, 300.02, 67
2026/09/26 11:51:16.532, 2160, 13365, 300.02, 67
2026/09/26 11:51:16.632, 2160, 13365, 300.06, 67
2026/09/26 11:51:16.732, 2160, 13365, 300.06, 67
2026/09/26 11:51:16.832, 2160, 13365, 300.06, 67
2026/09/26 11:51:16.932, 2160, 13365, 300.06, 67
2026/09/26 11:51:17.032, 2160, 13365, 300.06, 67
2026/09/26 11:51:17.132, 2152, 13365, 300.00, 67
2026/09/26 11:51:17.232, 2152, 13365, 300.00, 67
2026/09/26 11:51:17.333, 2152, 13365, 300.00, 67
2026/09/26 11:51:17.433, 2152, 13365, 300.00, 67
2026/09/26 11:51:17.533, 2152, 13365, 300.00, 67
2026/09/26 11:51:17.633, 2152, 13365, 300.00, 68
2026/09/26 11:51:17.733, 2152, 13365, 300.00, 68
2026/09/26 11:51:17.833, 2152, 13365, 300.00, 68
2026/09/26 11:51:17.933, 2152, 13365, 300.00, 68
2026/09/26 11:51:18.033, 2152, 13365, 300.00, 68
2026/09/26 11:51:18.133, 2152, 13365, 300.01, 68
2026/09/26 11:51:18.234, 2152, 13365, 300.01, 68
2026/09/26 11:51:18.334, 2152, 13365, 300.01, 68
2026/09/26 11:51:18.434, 2152, 13365, 300.01, 68
2026/09/26 11:51:18.534, 2152, 13365, 300.01, 68
2026/09/26 11:51:18.634, 2152, 13365, 299.98, 68
2026/09/26 11:51:18.734, 2152, 13365, 299.98, 68
2026/09/26 11:51:18.834, 2152, 13365, 299.98, 68
2026/09/26 11:51:18.934, 2152, 13365, 299.98, 68
2026/09/26 11:51:19.035, 2152, 13365, 299.98, 68
2026/09/26 11:51:19.135, 2152, 13365, 299.94, 68
2026/09/26 11:51:19.235, 2152, 13365, 299.94, 68
2026/09/26 11:51:19.335, 2152, 13365, 299.94, 68
2026/09/26 11:51:19.435, 2152, 13365, 299.94, 68
2026/09/26 11:51:19.535, 2152, 13365, 299.94, 68
2026/09/26 11:51:19.635, 2317, 14001, 214.56, 63
2026/09/26 11:51:19.735, 2317, 14001, 214.56, 63
2026/09/26 11:51:19.836, 2317, 14001, 214.56, 63
2026/09/26 11:51:19.936, 2317, 14001, 214.56, 63
2026/09/26 11:51:20.036, 2317, 14001, 214.56, 63
2026/09/26 11:51:20.136, 2332, 13365, 124.58, 62
2026/09/26 11:51:20.236, 2332, 13365, 124.58, 62
2026/09/26 11:51:20.336, 2332, 13365, 124.58, 62
2026/09/26 11:51:20.436, 2332, 13365, 124.58, 62
2026/09/26 11:51:20.536, 2332, 13365, 124.58, 62
2026/09/26 11:51:20.636, 2317, 13365, 115.38, 68
2026/09/26 11:51:20.737, 2317, 13365, 115.38, 68
2026/09/26 11:51:20.837, 2317, 13365, 115.38, 68
2026/09/26 11:51:20.937, 2317, 13365, 115.38, 68
2026/09/26 11:51:21.037, 2317, 13365, 115.38, 68
2026/09/26 11:51:21.137, 1755, 13365, 214.01, 68
2026/09/26 11:51:21.237, 1755, 13365, 214.01, 68
2026/09/26 11:51:21.337, 1755, 13365, 214.01, 68
2026/09/26 11:51:21.437, 1755, 13365, 214.01, 68
2026/09/26 11:51:21.538, 1755, 13365, 214.01, 68
2026/09/26 11:51:21.638, 1732, 13365, 307.99, 68
2026/09/26 11:51:21.738, 1732, 13365, 307.99, 68
2026/09/26 11:51:21.838, 1732, 13365, 307.99, 68
2026/09/26 11:51:21.938, 1732, 13365, 307.99, 68
2026/09/26 11:51:22.038, 1732, 13365, 307.99, 68
2026/09/26 11:51:22.138, 1732, 13365, 300.06, 68
2026/09/26 11:51:22.238, 1732, 13365, 300.06, 68
2026/09/26 11:51:22.339, 1732, 13365, 300.06, 68
2026/09/26 11:51:22.439, 1732, 13365, 300.06, 68
2026/09/26 11:51:22.539, 1732, 13365, 300.06, 68
2026/09/26 11:51:22.639, 1732, 13365, 299.97, 68
2026/09/26 11:51:22.739, 1732, 13365, 299.97, 68
2026/09/26 11:51:22.839, 1732, 13365, 299.97, 68
2026/09/26 11:51:22.939, 1732, 13365, 299.97, 68
2026/09/26 11:51:23.039, 1732, 13365, 299.97, 68
2026/09/26 11:51:23.139, 1732, 13365, 299.97, 68
2026/09/26 11:51:23.240, 1732, 13365, 299.97, 68
2026/09/26 11:51:23.340, 1732, 13365, 299.97, 68
2026/09/26 11:51:23.440, 1732, 13365, 299.97, 68
2026/09/26 11:51:23.540, 1732, 13365, 299.97, 68
2026/09/26 11:51:23.640, 1732, 13365, 299.97, 69
2026/09/26 11:51:23.740, 1732, 13365, 299.97, 69
2026/09/26 11:51:23.840, 1732, 13365, 299.97, 69
2026/09/26 11:51:23.940, 1732, 13365, 299.97, 69
2026/09/26 11:51:24.041, 1732, 13365, 299.97, 69
2026/09/26 11:51:24.141, 1732, 13365, 300.00, 69
2026/09/26 11:51:24.241, 1732, 13365, 300.00, 69
2026/09/26 11:51:24.341, 1732, 13365, 300.00, 69
2026/09/26 11:51:24.441, 1732, 13365, 300.00, 69
2026/09/26 11:51:24.541, 1732, 13365, 300.00, 69
2026/09/26 11:51:24.641, 1972, 14001, 245.86, 64
2026/09/26 11:51:24.741, 1972, 14001, 245.86, 64
2026/09/26 11:51:24.841, 1972, 14001, 245.86, 64
2026/09/26 11:51:24.942, 1972, 14001, 245.86, 64
2026/09/26 11:51:25.042, 1972, 14001, 245.86, 64
2026/09/26 11:51:25.142, 2332, 14001, 146.84, 63
2026/09/26 11:51:25.242, 2332, 14001, 146.84, 63
2026/09/26 11:51:25.342, 2332, 14001, 146.84, 63
2026/09/26 11:51:25.442, 2332, 14001, 146.84, 63
2026/09/26 11:51:25.542, 2332, 14001, 146.84, 63
2026/09/26 11:51:25.642, 2332, 14001, 87.31, 63
2026/09/26 11:51:25.743, 2332, 14001, 87.31, 63
2026/09/26 11:51:25.843, 2332, 14001, 87.31, 63
2026/09/26 11:51:25.943, 2332, 14001, 87.31, 63
2026/09/26 11:51:26.043, 2332, 14001, 87.31, 63
2026/09/26 11:51:26.143, 2332, 13365, 83.33, 62
2026/09/26 11:51:26.243, 2332, 13365, 83.33, 62
2026/09/26 11:51:26.343, 2332, 13365, 83.33, 62
2026/09/26 11:51:26.443, 2332, 13365, 83.33, 62
2026/09/26 11:51:26.543, 2332, 13365, 83.33, 62
2026/09/26 11:51:26.644, 2145, 13365, 98.09, 62
2026/09/26 11:51:26.744, 2145, 13365, 98.09, 62
2026/09/26 11:51:26.844, 2145, 13365, 98.09, 62
2026/09/26 11:51:26.944, 2145, 13365, 98.09, 62
2026/09/26 11:51:27.044, 2145, 13365, 98.09, 62
2026/09/26 11:51:27.144, 2272, 13365, 97.72, 61
2026/09/26 11:51:27.244, 2272, 13365, 97.72, 61
2026/09/26 11:51:27.344, 2272, 13365, 97.72, 61
2026/09/26 11:51:27.444, 2272, 13365, 97.72, 61
2026/09/26 11:51:27.545, 2272, 13365, 97.72, 61
2026/09/26 11:51:27.645, 1845, 13365, 172.67, 67
2026/09/26 11:51:27.745, 1845, 13365, 172.67, 67
2026/09/26 11:51:27.845, 1845, 13365, 172.67, 67
2026/09/26 11:51:27.945, 1845, 13365, 172.67, 67
2026/09/26 11:51:28.045, 1845, 13365, 172.67, 67
2026/09/26 11:51:28.145, 1642, 13365, 283.38, 67
2026/09/26 11:51:28.245, 1642, 13365, 283.38, 67
2026/09/26 11:51:28.345, 1642, 13365, 283.38, 67
2026/09/26 11:51:28.446, 1642, 13365, 283.38, 67
2026/09/26 11:51:28.546, 1642, 13365, 283.38, 67
2026/09/26 11:51:28.646, 1642, 13365, 300.43, 68
2026/09/26 11:51:28.746, 1642, 13365, 300.43, 68
2026/09/26 11:51:28.846, 1642, 13365, 300.43, 68
2026/09/26 11:51:28.946, 1642, 13365, 300.43, 68
2026/09/26 11:51:29.046, 1642, 13365, 300.43, 68
2026/09/26 11:51:29.146, 1642, 13365, 299.98, 68
2026/09/26 11:51:29.247, 1642, 13365, 299.98, 68
2026/09/26 11:51:29.347, 1642, 13365, 299.98, 68
2026/09/26 11:51:29.447, 1642, 13365, 299.98, 68
2026/09/26 11:51:29.547, 1642, 13365, 299.98, 68
2026/09/26 11:51:29.647, 1642, 13365, 300.01, 68
2026/09/26 11:51:29.747, 1642, 13365, 300.01, 68
2026/09/26 11:51:29.847, 1642, 13365, 300.01, 68
2026/09/26 11:51:29.947, 1642, 13365, 300.01, 68
2026/09/26 11:51:30.047, 1642, 13365, 300.01, 68
2026/09/26 11:51:30.148, 1642, 13365, 300.00, 68
2026/09/26 11:51:30.248, 1642, 13365, 300.00, 68
2026/09/26 11:51:30.348, 1642, 13365, 300.00, 68
2026/09/26 11:51:30.448, 1642, 13365, 300.00, 68
2026/09/26 11:51:30.548, 1642, 13365, 300.00, 68
2026/09/26 11:51:30.648, 1635, 13365, 299.97, 68
2026/09/26 11:51:30.748, 1635, 13365, 299.97, 68
2026/09/26 11:51:30.848, 1635, 13365, 299.97, 68
2026/09/26 11:51:30.948, 1635, 13365, 299.97, 68
2026/09/26 11:51:31.049, 1635, 13365, 299.97, 68
2026/09/26 11:51:31.149, 1635, 13365, 299.96, 69
2026/09/26 11:51:31.249, 1635, 13365, 299.96, 69
2026/09/26 11:51:31.349, 1635, 13365, 299.96, 69
2026/09/26 11:51:31.449, 1635, 13365, 299.96, 69
2026/09/26 11:51:31.549, 1635, 13365, 299.96, 69
2026/09/26 11:51:31.649, 1635, 13365, 299.98, 69
2026/09/26 11:51:31.749, 1635, 13365, 299.98, 69
2026/09/26 11:51:31.850, 1635, 13365, 299.98, 69
2026/09/26 11:51:31.950, 1635, 13365, 299.98, 69
2026/09/26 11:51:32.050, 1635, 13365, 299.98, 69
2026/09/26 11:51:32.150, 1635, 13365, 299.97, 69
2026/09/26 11:51:32.250, 1635, 13365, 299.97, 69
2026/09/26 11:51:32.350, 1635, 13365, 299.97, 69
2026/09/26 11:51:32.450, 1635, 13365, 299.97, 69
2026/09/26 11:51:32.550, 1635, 13365, 299.97, 69
2026/09/26 11:51:32.650, 1635, 13365, 300.00, 69
2026/09/26 11:51:32.751, 1635, 13365, 300.00, 69
2026/09/26 11:51:32.851, 1635, 13365, 300.00, 69
2026/09/26 11:51:32.951, 1635, 13365, 300.00, 69
2026/09/26 11:51:33.051, 1635, 13365, 300.00, 69
2026/09/26 11:51:33.151, 1635, 13365, 299.98, 69
2026/09/26 11:51:33.251, 1635, 13365, 299.98, 69
2026/09/26 11:51:33.351, 1635, 13365, 299.98, 69
2026/09/26 11:51:33.451, 1635, 13365, 299.98, 69
2026/09/26 11:51:33.551, 1635, 13365, 299.98, 69
2026/09/26 11:51:33.652, 1822, 13365, 252.56, 64
2026/09/26 11:51:33.752, 1822, 13365, 252.56, 64
2026/09/26 11:51:33.852, 1822, 13365, 252.56, 64
2026/09/26 11:51:33.952, 1822, 13365, 252.56, 64
2026/09/26 11:51:34.052, 1822, 13365, 252.56, 64
2026/09/26 11:51:34.152, 2332, 14001, 154.90, 63
2026/09/26 11:51:34.252, 2332, 14001, 154.90, 63
2026/09/26 11:51:34.352, 2332, 14001, 154.90, 63
2026/09/26 11:51:34.453, 2332, 14001, 154.90, 63
2026/09/26 11:51:34.553, 2332, 14001, 154.90, 63
2026/09/26 11:51:34.653, 2332, 14001, 83.80, 63
2026/09/26 11:51:34.753, 2332, 14001, 83.80, 63
2026/09/26 11:51:34.853, 2332, 14001, 83.80, 63
2026/09/26 11:51:34.953, 2332, 14001, 83.80, 63
2026/09/26 11:51:35.053, 2332, 14001, 83.80, 63
2026/09/26 11:51:35.153, 2332, 14001, 82.88, 63
2026/09/26 11:51:35.254, 2332, 14001, 82.88, 63
2026/09/26 11:51:35.354, 2332, 14001, 82.88, 63
2026/09/26 11:51:35.454, 2332, 14001, 82.88, 63
2026/09/26 11:51:35.554, 2332, 14001, 82.88, 63
2026/09/26 11:51:35.654, 2332, 14001, 82.88, 63
2026/09/26 11:51:35.754, 2332, 14001, 82.88, 63
2026/09/26 11:51:35.854, 2332, 14001, 82.88, 63
2026/09/26 11:51:35.954, 2332, 14001, 82.88, 63
2026/09/26 11:51:36.054, 2332, 14001, 82.88, 63
2026/09/26 11:51:36.155, 375, 14001, 56.32, 61
2026/09/26 11:51:36.255, 375, 14001, 56.32, 61
2026/09/26 11:51:36.355, 375, 14001, 56.32, 61
2026/09/26 11:51:36.455, 375, 14001, 56.32, 61
2026/09/26 11:51:36.555, 375, 14001, 56.32, 61
2026/09/26 11:51:36.655, 2280, 13365, 63.34, 62
2026/09/26 11:51:36.755, 2280, 13365, 63.34, 62
2026/09/26 11:51:36.855, 2280, 13365, 63.34, 62
2026/09/26 11:51:36.956, 2280, 13365, 63.34, 62
2026/09/26 11:51:37.056, 2280, 13365, 63.34, 62
2026/09/26 11:51:37.156, 2295, 13365, 146.82, 64
2026/09/26 11:51:37.256, 2295, 13365, 146.82, 64
2026/09/26 11:51:37.356, 2295, 13365, 146.82, 64
2026/09/26 11:51:37.456, 2295, 13365, 146.82, 64
2026/09/26 11:51:37.556, 2295, 13365, 146.82, 64
2026/09/26 11:51:37.656, 2242, 13365, 258.12, 64
2026/09/26 11:51:37.757, 2242, 13365, 258.12, 64
2026/09/26 11:51:37.857, 2242, 13365, 258.12, 64
2026/09/26 11:51:37.957, 2242, 13365, 258.12, 64
2026/09/26 11:51:38.057, 2242, 13365, 258.12, 64
2026/09/26 11:51:38.157, 2205, 13365, 304.27, 65
2026/09/26 11:51:38.257, 2205, 13365, 304.27, 65
2026/09/26 11:51:38.357, 2205, 13365, 304.27, 65
2026/09/26 11:51:38.457, 2205, 13365, 304.27, 65
2026/09/26 11:51:38.557, 2205, 13365, 304.27, 65
2026/09/26 11:51:38.658, 2197, 13365, 300.05, 65
2026/09/26 11:51:38.758, 2197, 13365, 300.05, 65
2026/09/26 11:51:38.858, 2197, 13365, 300.05, 65
2026/09/26 11:51:38.958, 2197, 13365, 300.05, 65
2026/09/26 11:51:39.058, 2197, 13365, 300.05, 65
2026/09/26 11:51:39.158, 2190, 13365, 300.02, 65
2026/09/26 11:51:39.258, 2190, 13365, 300.02, 65
2026/09/26 11:51:39.358, 2190, 13365, 300.02, 65
2026/09/26 11:51:39.459, 2190, 13365, 300.02, 65
2026/09/26 11:51:39.559, 2190, 13365, 300.02, 65
2026/09/26 11:51:39.659, 2190, 13365, 299.99, 65
2026/09/26 11:51:39.759, 2190, 13365, 299.99, 65
2026/09/26 11:51:39.859, 2190, 13365, 299.99, 65
2026/09/26 11:51:39.959, 2190, 13365, 299.99, 65
2026/09/26 11:51:40.059, 2190, 13365, 299.99, 65
2026/09/26 11:51:40.159, 2190, 13365, 299.97, 65
2026/09/26 11:51:40.260, 2190, 13365, 299.97, 65
2026/09/26 11:51:40.360, 2190, 13365, 299.97, 65
2026/09/26 11:51:40.460, 2190, 13365, 299.97, 65
2026/09/26 11:51:40.560, 2190, 13365, 299.97, 65
2026/09/26 11:51:40.660, 2190, 13365, 300.02, 65
2026/09/26 11:51:40.760, 2190, 13365, 300.02, 65
2026/09/26 11:51:40.860, 2190, 13365, 300.02, 65
2026/09/26 11:51:40.960, 2190, 13365, 300.02, 65
2026/09/26 11:51:41.060, 2190, 13365, 300.02, 65
2026/09/26 11:51:41.161, 2190, 13365, 300.02, 65
2026/09/26 11:51:41.261, 2190, 13365, 300.02, 65
2026/09/26 11:51:41.361, 2190, 13365, 300.02, 65
2026/09/26 11:51:41.461, 2190, 13365, 300.02, 65
2026/09/26 11:51:41.561, 2190, 13365, 300.02, 65
2026/09/26 11:51:41.661, 2332, 14001, 203.03, 63
2026/09/26 11:51:41.761, 2332, 14001, 203.03, 63
2026/09/26 11:51:41.862, 2332, 14001, 203.03, 63
2026/09/26 11:51:41.962, 2332, 14001, 203.03, 63
2026/09/26 11:51:42.062, 2332, 14001, 203.03, 63
2026/09/26 11:51:42.162, 2332, 14001, 104.00, 62
2026/09/26 11:51:42.263, 2332, 14001, 104.00, 62
2026/09/26 11:51:42.363, 2332, 14001, 104.00, 62
2026/09/26 11:51:42.463, 2332, 14001, 104.00, 62
2026/09/26 11:51:42.563, 2332, 14001, 104.00, 62
2026/09/26 11:51:42.663, 2332, 14001, 83.11, 62
2026/09/26 11:51:42.763, 2332, 14001, 83.11, 62
2026/09/26 11:51:42.863, 2332, 14001, 83.11, 62
2026/09/26 11:51:42.963, 2332, 14001, 83.11, 62
2026/09/26 11:51:43.064, 2332, 14001, 83.11, 62
2026/09/26 11:51:43.164, 2332, 13365, 84.53, 62
2026/09/26 11:51:43.264, 2332, 13365, 84.53, 62
2026/09/26 11:51:43.364, 2332, 13365, 84.53, 62
2026/09/26 11:51:43.464, 2332, 13365, 84.53, 62
2026/09/26 11:51:43.564, 2332, 13365, 84.53, 62
2026/09/26 11:51:43.664, 2295, 13365, 129.47, 64
2026/09/26 11:51:43.764, 2295, 13365, 129.47, 64
2026/09/26 11:51:43.865, 2295, 13365, 129.47, 64
2026/09/26 11:51:43.965, 2295, 13365, 129.47, 64
2026/09/26 11:51:44.065, 2295, 13365, 129.47, 64
2026/09/26 11:51:44.165, 2325, 13365, 244.20, 65
2026/09/26 11:51:44.265, 2325, 13365, 244.20, 65
2026/09/26 11:51:44.365, 2325, 13365, 244.20, 65
2026/09/26 11:51:44.465, 2325, 13365, 244.20, 65
2026/09/26 11:51:44.565, 2325, 13365, 244.20, 65
2026/09/26 11:51:44.665, 2332, 13365, 298.15, 65
2026/09/26 11:51:44.766, 2332, 13365, 298.15, 65
2026/09/26 11:51:44.866, 2332, 13365, 298.15, 65
2026/09/26 11:51:44.966, 2332, 13365, 298.15, 65
2026/09/26 11:51:45.066, 2332, 13365, 298.15, 65
2026/09/26 11:51:45.166, 2325, 13365, 298.98, 65
2026/09/26 11:51:45.266, 2325, 13365, 298.98, 65
2026/09/26 11:51:45.366, 2325, 13365, 298.98, 65
2026/09/26 11:51:45.466, 2325, 13365, 298.98, 65
2026/09/26 11:51:45.567, 2325, 13365, 298.98, 65
2026/09/26 11:51:45.667, 2332, 13365, 299.46, 65
2026/09/26 11:51:45.767, 2332, 13365, 299.46, 65
2026/09/26 11:51:45.867, 2332, 13365, 299.46, 65
2026/09/26 11:51:45.967, 2332, 13365, 299.46, 65
2026/09/26 11:51:46.067, 2332, 13365, 299.46, 65
2026/09/26 11:51:46.167, 2332, 13365, 299.67, 66
2026/09/26 11:51:46.267, 2332, 13365, 299.67, 66
2026/09/26 11:51:46.367, 2332, 13365, 299.67, 66
2026/09/26 11:51:46.468, 2332, 13365, 299.67, 66
2026/09/26 11:51:46.568, 2332, 13365, 299.67, 66
2026/09/26 11:51:46.668, 2332, 13365, 299.80, 66
2026/09/26 11:51:46.768, 2332, 13365, 299.80, 66
2026/09/26 11:51:46.868, 2332, 13365, 299.80, 66
2026/09/26 11:51:46.968, 2332, 13365, 299.80, 66
2026/09/26 11:51:47.068, 2332, 13365, 299.80, 66
2026/09/26 11:51:47.168, 2332, 13365, 299.88, 66
2026/09/26 11:51:47.268, 2332, 13365, 299.88, 66
2026/09/26 11:51:47.369, 2332, 13365, 299.88, 66
2026/09/26 11:51:47.469, 2332, 13365, 299.88, 66
2026/09/26 11:51:47.569, 2332, 13365, 299.88, 66
2026/09/26 11:51:47.669, 2332, 13365, 300.12, 66
2026/09/26 11:51:47.769, 2332, 13365, 300.12, 66
2026/09/26 11:51:47.869, 2332, 13365, 300.12, 66
2026/09/26 11:51:47.969, 2332, 13365, 300.12, 66
2026/09/26 11:51:48.069, 2332, 13365, 300.12, 66
2026/09/26 11:51:48.170, 2332, 14001, 221.26, 64
2026/09/26 11:51:48.270, 2332, 14001, 221.26, 64
2026/09/26 11:51:48.370, 2332, 14001, 221.26, 64
2026/09/26 11:51:48.470, 2332, 14001, 221.26, 64
2026/09/26 11:51:48.570, 2332, 13365, 123.06, 63
2026/09/26 11:51:48.670, 2332, 13365, 123.06, 63
2026/09/26 11:51:48.770, 2332, 13365, 123.06, 63
2026/09/26 11:51:48.870, 2332, 13365, 123.06, 63
2026/09/26 11:51:48.971, 2332, 13365, 123.06, 63
2026/09/26 11:51:49.071, 2332, 13365, 82.86, 62
2026/09/26 11:51:49.171, 2332, 13365, 82.86, 62
2026/09/26 11:51:49.271, 2332, 13365, 82.86, 62
2026/09/26 11:51:49.371, 2332, 13365, 82.86, 62
2026/09/26 11:51:49.471, 2332, 13365, 82.86, 62
2026/09/26 11:51:49.571, 2332, 13365, 81.80, 62
2026/09/26 11:51:49.671, 2332, 13365, 81.80, 62
2026/09/26 11:51:49.772, 2332, 13365, 81.80, 62
2026/09/26 11:51:49.872, 2332, 13365, 81.80, 62
2026/09/26 11:51:49.972, 2332, 13365, 81.80, 62
2026/09/26 11:51:50.072, 2272, 13365, 80.79, 62
2026/09/26 11:51:50.172, 2272, 13365, 80.79, 62
2026/09/26 11:51:50.272, 2272, 13365, 80.79, 62
2026/09/26 11:51:50.372, 2272, 13365, 80.79, 62
2026/09/26 11:51:50.472, 2272, 13365, 80.79, 62
2026/09/26 11:51:50.572, 2272, 13365, 80.19, 62
2026/09/26 11:51:50.673, 2272, 13365, 80.19, 62
2026/09/26 11:51:50.773, 2272, 13365, 80.19, 62
2026/09/26 11:51:50.873, 2272, 13365, 80.19, 62
2026/09/26 11:51:50.973, 2272, 13365, 80.19, 62
2026/09/26 11:51:51.073, 2272, 13365, 104.48, 65
2026/09/26 11:51:51.173, 2272, 13365, 104.48, 65
2026/09/26 11:51:51.273, 2272, 13365, 104.48, 65
2026/09/26 11:51:51.373, 2272, 13365, 104.48, 65
2026/09/26 11:51:51.474, 2272, 13365, 104.48, 65
2026/09/26 11:51:51.574, 1845, 13365, 208.42, 65
2026/09/26 11:51:51.674, 1845, 13365, 208.42, 65
2026/09/26 11:51:51.774, 1845, 13365, 208.42, 65
2026/09/26 11:51:51.874, 1845, 13365, 208.42, 65
2026/09/26 11:51:51.974, 1845, 13365, 208.42, 65
2026/09/26 11:51:52.074, 1815, 13365, 304.01, 65
2026/09/26 11:51:52.174, 1815, 13365, 304.01, 65
2026/09/26 11:51:52.274, 1815, 13365, 304.01, 65
2026/09/26 11:51:52.375, 1815, 13365, 304.01, 65
2026/09/26 11:51:52.475, 1815, 13365, 304.01, 65
2026/09/26 11:51:52.575, 1815, 13365, 300.02, 65
2026/09/26 11:51:52.675, 1815, 13365, 300.02, 65
2026/09/26 11:51:52.775, 1815, 13365, 300.02, 65
2026/09/26 11:51:52.875, 1815, 13365, 300.02, 65
2026/09/26 11:51:52.975, 1815, 13365, 300.02, 65
2026/09/26 11:51:53.075, 1822, 13365, 297.24, 65
2026/09/26 11:51:53.175, 1822, 13365, 297.24, 65
2026/09/26 11:51:53.276, 1822, 13365, 297.24, 65
2026/09/26 11:51:53.376, 1822, 13365, 297.24, 65
2026/09/26 11:51:53.476, 1822, 13365, 297.24, 65
2026/09/26 11:51:53.576, 2332, 14001, 199.54, 62
2026/09/26 11:51:53.676, 2332, 14001, 199.54, 62
2026/09/26 11:51:53.776, 2332, 14001, 199.54, 62
2026/09/26 11:51:53.876, 2332, 14001, 199.54, 62
2026/09/26 11:51:53.977, 2332, 14001, 199.54, 62
2026/09/26 11:51:54.077, 2332, 14001, 83.42, 62
2026/09/26 11:51:54.177, 2332, 14001, 83.42, 62
2026/09/26 11:51:54.277, 2332, 14001, 83.42, 62
2026/09/26 11:51:54.377, 2332, 14001, 83.42, 62
2026/09/26 11:51:54.477, 2332, 14001, 83.42, 62
2026/09/26 11:51:54.577, 2332, 14001, 82.18, 62
2026/09/26 11:51:54.677, 2332, 14001, 82.18, 62
2026/09/26 11:51:54.777, 2332, 14001, 82.18, 62
2026/09/26 11:51:54.878, 2332, 14001, 82.18, 62
2026/09/26 11:51:54.978, 2332, 14001, 82.18, 62
2026/09/26 11:51:55.078, 2332, 14001, 82.18, 62
2026/09/26 11:51:55.178, 2332, 14001, 82.18, 62
