stage,kernel,config,n,flops,bytes,median_ms,job_id,source,ai_flop_per_byte,gflops,gbs,roof_gflops,bound,pct_of_roof,pct_of_1530
0,vector_add,"n=67108864, L2 flushed",67108864,67108864,805306368.0,0.528384,24037481,stage0/fixed_sizes.csv,0.0833,127.0,1524.1,127.5,memory,99.6,99.6
0,saxpy,"n=67108864, L2 flushed",67108864,134217728,805306368.0,0.524288,24037481,stage0/fixed_sizes.csv,0.1667,256.0,1536.0,255.0,memory,100.4,100.4
0,copy_kernel,"n=67108864, L2 flushed",67108864,0,536870912.0,0.3584,24037481,stage0/fixed_sizes.csv,0.0,0.0,1498.0,0.0,memory (no FLOPs),,97.9
0,memcpy_d2d,"n=67108864, L2 flushed",67108864,0,536870912.0,0.362496,24037481,stage0/fixed_sizes.csv,0.0,0.0,1481.0,0.0,memory (no FLOPs),,96.8
1,contiguous,"-, L2 flushed",268435456,0,2147483648.0,1.437696,24037839,stage1/patterns.csv,0.0,0.0,1493.7,0.0,memory (no FLOPs),,97.6
1,strided,"stride=8, L2 flushed",268435456,0,2147483648.0,6.096896,24037839,stage1/patterns.csv,0.0,0.0,352.2,0.0,memory (no FLOPs),,23.0
1,gather,"random_permutation, L2 flushed",268435456,0,3221225472.0,17.847296,24037839,stage1/patterns.csv,0.0,0.0,180.5,0.0,memory (no FLOPs),,11.8
1,aos_x,"-, L2 flushed",67108864,0,536870912.0,0.868352,24037839,stage1/patterns.csv,0.0,0.0,618.3,0.0,memory (no FLOPs),,40.4
1,aos_sum,"-, L2 flushed",67108864,0,1342177280.0,0.866304,24037839,stage1/patterns.csv,0.0,0.0,1549.3,0.0,memory (no FLOPs),,101.3
2,v1_atomic,"n=2^28, L2 flushed",268435456,268435455,1073741824.0,388.167694,24038225,stage2/reduce.csv,0.25,0.7,2.8,382.5,memory,0.2,0.2
2,v2_interleaved,"n=2^28, L2 flushed",268435456,268435455,1073741824.0,1.204224,24038225,stage2/reduce.csv,0.25,222.9,891.6,382.5,memory,58.3,58.3
2,v3_sequential,"n=2^28, L2 flushed",268435456,268435455,1073741824.0,1.19808,24038225,stage2/reduce.csv,0.25,224.1,896.2,382.5,memory,58.6,58.6
2,v4_first_add,"n=2^28, L2 flushed",268435456,268435455,1073741824.0,0.7168,24038225,stage2/reduce.csv,0.25,374.5,1498.0,382.5,memory,97.9,97.9
2,v5_warp_shuffle,"n=2^28, L2 flushed",268435456,268435455,1073741824.0,0.702464,24038225,stage2/reduce.csv,0.25,382.1,1528.5,382.5,memory,99.9,99.9
2,v6_grid_stride,"n=2^28, L2 flushed",268435456,268435455,1073741824.0,0.704544,24038225,stage2/reduce.csv,0.25,381.0,1524.0,382.5,memory,99.6,99.6
2,v7_cub,"n=2^28, L2 flushed",268435456,268435455,1073741824.0,0.698368,24038225,stage2/reduce.csv,0.25,384.4,1537.5,382.5,memory,100.5,100.5
3,cublas,"M=N=K=8192, warm",8192,1099511627776,805306368,21.479729,24038801,stage3/sgemm.csv,1365.3333,51188.3,37.5,148715.5,compute,34.4,2.5
3,v1_naive,"M=N=K=8192, warm",8192,1099511627776,805306368,1321.596191,24038801,stage3/sgemm.csv,1365.3333,832.0,0.6,148715.5,compute,0.6,0.0
3,v2_coalesced,"M=N=K=8192, warm",8192,1099511627776,805306368,258.487915,24038801,stage3/sgemm.csv,1365.3333,4253.6,3.1,148715.5,compute,2.9,0.2
3,v3_smem_tiling,"M=N=K=8192, warm",8192,1099511627776,805306368,158.326752,24038801,stage3/sgemm.csv,1365.3333,6944.6,5.1,148715.5,compute,4.7,0.3
3,v4_1d_regblock,"M=N=K=8192, warm",8192,1099511627776,805306368,63.39856,24038801,stage3/sgemm.csv,1365.3333,17342.8,12.7,148715.5,compute,11.7,0.8
3,v5_2d_regblock,"M=N=K=8192, warm",8192,1099511627776,805306368,56.174015,24038801,stage3/sgemm.csv,1365.3333,19573.3,14.3,148715.5,compute,13.2,0.9
3,v6_vectorized,"M=N=K=8192, warm",8192,1099511627776,805306368,29.663343,24038801,stage3/sgemm.csv,1365.3333,37066.3,27.1,148715.5,compute,24.9,1.8
