gpu,job_id,date,cuda_runtime,cuda_driver,build_type,kernel,variant,n,bytes,flops,grid,block,dyn_smem,regs,local_bytes,static_smem,blocks_per_sm,theo_occupancy,launches_per_rep,l2_flush,warmup,reps,median_ms,min_ms,stddev_ms,metric_value,metric_unit,launch_bound,M,N,K
NVIDIA RTX PRO 6000 Blackwell Max-Q Workstation Edition,24038801,2026-09-26T11:22:32-0700,13.3,13.0,Release,cublas,cublasSgemm,256,786432,33554432,-,-,0,-1,-1,-1,-1,-1.000,1,0,10,100,0.011904,0.011648,0.000509,2818.8,GFLOP/s,1,256,256,256
NVIDIA RTX PRO 6000 Blackwell Max-Q Workstation Edition,24038801,2026-09-26T11:22:32-0700,13.3,13.0,Release,v1_naive,-,256,786432,33554432,8x8,32x32,0,31,0,0,1,0.667,1,0,10,100,0.123472,0.122464,0.001115,271.8,GFLOP/s,0,256,256,256
NVIDIA RTX PRO 6000 Blackwell Max-Q Workstation Edition,24038801,2026-09-26T11:22:33-0700,13.3,13.0,Release,v2_coalesced,-,256,786432,33554432,8x8,32x32,0,32,0,0,1,0.667,1,0,10,100,0.019840,0.018624,0.000752,1691.3,GFLOP/s,1,256,256,256
NVIDIA RTX PRO 6000 Blackwell Max-Q Workstation Edition,24038801,2026-09-26T11:22:33-0700,13.3,13.0,Release,v3_smem_tiling,T=32,256,786432,33554432,8x8,32x32,0,38,0,8192,1,0.667,1,0,10,100,0.013936,0.013568,0.000880,2407.8,GFLOP/s,1,256,256,256
NVIDIA RTX PRO 6000 Blackwell Max-Q Workstation Edition,24038801,2026-09-26T11:22:34-0700,13.3,13.0,Release,v4_1d_regblock,BMxBNxBKxTM=64x64x8x8,256,786432,33554432,4x4,512,0,48,0,4096,2,0.667,1,0,10,100,0.030272,0.029056,0.000815,1108.4,GFLOP/s,0,256,256,256
NVIDIA RTX PRO 6000 Blackwell Max-Q Workstation Edition,24038801,2026-09-26T11:22:34-0700,13.3,13.0,Release,v5_2d_regblock,BMxBNxBKxTMxTN=128x128x8x8x8,256,786432,33554432,2x2,256,0,89,0,8192,2,0.333,1,0,10,100,0.107312,0.106048,0.000761,312.7,GFLOP/s,0,256,256,256
NVIDIA RTX PRO 6000 Blackwell Max-Q Workstation Edition,24038801,2026-09-26T11:22:35-0700,13.3,13.0,Release,v6_vectorized,BMxBNxBKxTMxTN=128x128x8x8x8;float4,256,786432,33554432,2x2,256,0,94,0,8192,2,0.333,1,0,10,100,0.046720,0.045600,0.000643,718.2,GFLOP/s,0,256,256,256
NVIDIA RTX PRO 6000 Blackwell Max-Q Workstation Edition,24038801,2026-09-26T11:22:36-0700,13.3,13.0,Release,cublas,cublasSgemm,512,3145728,268435456,-,-,0,-1,-1,-1,-1,-1.000,1,0,10,100,0.020096,0.019072,0.000480,13357.7,GFLOP/s,0,512,512,512
NVIDIA RTX PRO 6000 Blackwell Max-Q Workstation Edition,24038801,2026-09-26T11:22:37-0700,13.3,13.0,Release,v1_naive,-,512,3145728,268435456,16x16,32x32,0,31,0,0,1,0.667,1,0,10,100,0.481568,0.479392,0.000841,557.4,GFLOP/s,0,512,512,512
NVIDIA RTX PRO 6000 Blackwell Max-Q Workstation Edition,24038801,2026-09-26T11:22:38-0700,13.3,13.0,Release,v2_coalesced,-,512,3145728,268435456,16x16,32x32,0,32,0,0,1,0.667,1,0,10,100,0.067296,0.066432,0.000897,3988.9,GFLOP/s,0,512,512,512
NVIDIA RTX PRO 6000 Blackwell Max-Q Workstation Edition,24038801,2026-09-26T11:22:39-0700,13.3,13.0,Release,v3_smem_tiling,T=32,512,3145728,268435456,16x16,32x32,0,38,0,8192,1,0.667,1,0,10,100,0.050752,0.049248,0.000429,5289.2,GFLOP/s,0,512,512,512
NVIDIA RTX PRO 6000 Blackwell Max-Q Workstation Edition,24038801,2026-09-26T11:22:40-0700,13.3,13.0,Release,v4_1d_regblock,BMxBNxBKxTM=64x64x8x8,512,3145728,268435456,8x8,512,0,48,0,4096,2,0.667,1,0,10,100,0.056832,0.054752,0.001135,4723.3,GFLOP/s,0,512,512,512
NVIDIA RTX PRO 6000 Blackwell Max-Q Workstation Edition,24038801,2026-09-26T11:22:41-0700,13.3,13.0,Release,v5_2d_regblock,BMxBNxBKxTMxTN=128x128x8x8x8,512,3145728,268435456,4x4,256,0,89,0,8192,2,0.333,1,0,10,100,0.201200,0.199424,0.000996,1334.2,GFLOP/s,0,512,512,512
NVIDIA RTX PRO 6000 Blackwell Max-Q Workstation Edition,24038801,2026-09-26T11:22:42-0700,13.3,13.0,Release,v6_vectorized,BMxBNxBKxTMxTN=128x128x8x8x8;float4,512,3145728,268435456,4x4,256,0,94,0,8192,2,0.333,1,0,10,100,0.086736,0.084832,0.000931,3094.9,GFLOP/s,0,512,512,512
NVIDIA RTX PRO 6000 Blackwell Max-Q Workstation Edition,24038801,2026-09-26T11:22:47-0700,13.3,13.0,Release,cublas,cublasSgemm,1024,12582912,2147483648,-,-,0,-1,-1,-1,-1,-1.000,1,0,10,100,0.058032,0.057632,0.000854,37005.2,GFLOP/s,0,1024,1024,1024
NVIDIA RTX PRO 6000 Blackwell Max-Q Workstation Edition,24038801,2026-09-26T11:22:52-0700,13.3,13.0,Release,v1_naive,-,1024,12582912,2147483648,32x32,32x32,0,31,0,0,1,0.667,1,0,10,100,2.856016,2.852896,0.001548,751.9,GFLOP/s,0,1024,1024,1024
NVIDIA RTX PRO 6000 Blackwell Max-Q Workstation Edition,24038801,2026-09-26T11:22:57-0700,13.3,13.0,Release,v2_coalesced,-,1024,12582912,2147483648,32x32,32x32,0,32,0,0,1,0.667,1,0,10,100,0.383328,0.380512,0.001437,5602.2,GFLOP/s,0,1024,1024,1024
NVIDIA RTX PRO 6000 Blackwell Max-Q Workstation Edition,24038801,2026-09-26T11:23:01-0700,13.3,13.0,Release,v3_smem_tiling,T=32,1024,12582912,2147483648,32x32,32x32,0,38,0,8192,1,0.667,1,0,10,100,0.281056,0.278912,0.001119,7640.8,GFLOP/s,0,1024,1024,1024
NVIDIA RTX PRO 6000 Blackwell Max-Q Workstation Edition,24038801,2026-09-26T11:23:06-0700,13.3,13.0,Release,v4_1d_regblock,BMxBNxBKxTM=64x64x8x8,1024,12582912,2147483648,16x16,512,0,48,0,4096,2,0.667,1,0,10,100,0.150336,0.148288,0.000941,14284.6,GFLOP/s,0,1024,1024,1024
NVIDIA RTX PRO 6000 Blackwell Max-Q Workstation Edition,24038801,2026-09-26T11:23:11-0700,13.3,13.0,Release,v5_2d_regblock,BMxBNxBKxTMxTN=128x128x8x8x8,1024,12582912,2147483648,8x8,256,0,89,0,8192,2,0.333,1,0,10,100,0.385120,0.382464,0.001356,5576.1,GFLOP/s,0,1024,1024,1024
NVIDIA RTX PRO 6000 Blackwell Max-Q Workstation Edition,24038801,2026-09-26T11:23:16-0700,13.3,13.0,Release,v6_vectorized,BMxBNxBKxTMxTN=128x128x8x8x8;float4,1024,12582912,2147483648,8x8,256,0,94,0,8192,2,0.333,1,0,10,100,0.166368,0.165344,0.000782,12908.0,GFLOP/s,0,1024,1024,1024
NVIDIA RTX PRO 6000 Blackwell Max-Q Workstation Edition,24038801,2026-09-26T11:23:16-0700,13.3,13.0,Release,cublas,cublasSgemm,2048,50331648,17179869184,-,-,0,-1,-1,-1,-1,-1.000,1,0,10,100,0.330288,0.326848,0.001356,52014.8,GFLOP/s,0,2048,2048,2048
NVIDIA RTX PRO 6000 Blackwell Max-Q Workstation Edition,24038801,2026-09-26T11:23:19-0700,13.3,13.0,Release,v1_naive,-,2048,50331648,17179869184,64x64,32x32,0,31,0,0,1,0.667,1,0,10,100,20.924448,20.916800,0.003888,821.0,GFLOP/s,0,2048,2048,2048
NVIDIA RTX PRO 6000 Blackwell Max-Q Workstation Edition,24038801,2026-09-26T11:23:20-0700,13.3,13.0,Release,v2_coalesced,-,2048,50331648,17179869184,64x64,32x32,0,32,0,0,1,0.667,1,0,10,100,2.796320,2.759520,0.046175,6143.7,GFLOP/s,0,2048,2048,2048
NVIDIA RTX PRO 6000 Blackwell Max-Q Workstation Edition,24038801,2026-09-26T11:23:21-0700,13.3,13.0,Release,v3_smem_tiling,T=32,2048,50331648,17179869184,64x64,32x32,0,38,0,8192,1,0.667,1,0,10,100,2.025600,2.020096,0.003187,8481.4,GFLOP/s,0,2048,2048,2048
NVIDIA RTX PRO 6000 Blackwell Max-Q Workstation Edition,24038801,2026-09-26T11:23:22-0700,13.3,13.0,Release,v4_1d_regblock,BMxBNxBKxTM=64x64x8x8,2048,50331648,17179869184,32x32,512,0,48,0,4096,2,0.667,1,0,10,100,0.848784,0.843776,0.001889,20240.6,GFLOP/s,0,2048,2048,2048
NVIDIA RTX PRO 6000 Blackwell Max-Q Workstation Edition,24038801,2026-09-26T11:23:23-0700,13.3,13.0,Release,v5_2d_regblock,BMxBNxBKxTMxTN=128x128x8x8x8,2048,50331648,17179869184,16x16,256,0,89,0,8192,2,0.333,1,0,10,100,0.929392,0.920512,0.003415,18485.1,GFLOP/s,0,2048,2048,2048
NVIDIA RTX PRO 6000 Blackwell Max-Q Workstation Edition,24038801,2026-09-26T11:23:23-0700,13.3,13.0,Release,v6_vectorized,BMxBNxBKxTMxTN=128x128x8x8x8;float4,2048,50331648,17179869184,16x16,256,0,94,0,8192,2,0.333,1,0,10,100,0.514144,0.510080,0.001950,33414.5,GFLOP/s,0,2048,2048,2048
NVIDIA RTX PRO 6000 Blackwell Max-Q Workstation Edition,24038801,2026-09-26T11:23:25-0700,13.3,13.0,Release,cublas,cublasSgemm,4096,201326592,137438953472,-,-,0,-1,-1,-1,-1,-1.000,1,0,10,100,2.690512,2.459168,0.108122,51082.8,GFLOP/s,0,4096,4096,4096
NVIDIA RTX PRO 6000 Blackwell Max-Q Workstation Edition,24038801,2026-09-26T11:23:44-0700,13.3,13.0,Release,v1_naive,-,4096,201326592,137438953472,128x128,32x32,0,31,0,0,1,0.667,1,0,10,100,166.666077,166.582047,0.041397,824.6,GFLOP/s,0,4096,4096,4096
NVIDIA RTX PRO 6000 Blackwell Max-Q Workstation Edition,24038801,2026-09-26T11:23:48-0700,13.3,13.0,Release,v2_coalesced,-,4096,201326592,137438953472,128x128,32x32,0,32,0,0,1,0.667,1,0,10,100,23.826464,23.427937,0.073432,5768.3,GFLOP/s,0,4096,4096,4096
NVIDIA RTX PRO 6000 Blackwell Max-Q Workstation Edition,24038801,2026-09-26T11:23:51-0700,13.3,13.0,Release,v3_smem_tiling,T=32,4096,201326592,137438953472,128x128,32x32,0,38,0,8192,1,0.667,1,0,10,100,16.765953,16.750048,0.006320,8197.5,GFLOP/s,0,4096,4096,4096
NVIDIA RTX PRO 6000 Blackwell Max-Q Workstation Edition,24038801,2026-09-26T11:23:53-0700,13.3,13.0,Release,v4_1d_regblock,BMxBNxBKxTM=64x64x8x8,4096,201326592,137438953472,64x64,512,0,48,0,4096,2,0.667,1,0,10,100,7.180288,6.442208,0.199968,19141.1,GFLOP/s,0,4096,4096,4096
NVIDIA RTX PRO 6000 Blackwell Max-Q Workstation Edition,24038801,2026-09-26T11:23:55-0700,13.3,13.0,Release,v5_2d_regblock,BMxBNxBKxTMxTN=128x128x8x8x8,4096,201326592,137438953472,32x32,256,0,89,0,8192,2,0.333,1,0,10,100,5.965280,5.743584,0.094623,23039.8,GFLOP/s,0,4096,4096,4096
NVIDIA RTX PRO 6000 Blackwell Max-Q Workstation Edition,24038801,2026-09-26T11:23:56-0700,13.3,13.0,Release,v6_vectorized,BMxBNxBKxTMxTN=128x128x8x8x8;float4,4096,201326592,137438953472,32x32,256,0,94,0,8192,2,0.333,1,0,10,100,3.730128,3.449792,0.120061,36845.6,GFLOP/s,0,4096,4096,4096
NVIDIA RTX PRO 6000 Blackwell Max-Q Workstation Edition,24038801,2026-09-26T11:24:01-0700,13.3,13.0,Release,cublas,cublasSgemm,8192,805306368,1099511627776,-,-,0,-1,-1,-1,-1,-1.000,1,0,10,100,21.479729,20.993856,0.094119,51188.3,GFLOP/s,0,8192,8192,8192
NVIDIA RTX PRO 6000 Blackwell Max-Q Workstation Edition,24038801,2026-09-26T11:26:31-0700,13.3,13.0,Release,v1_naive,-,8192,805306368,1099511627776,256x256,32x32,0,31,0,0,1,0.667,1,0,10,100,1321.596191,1321.294922,0.210926,832.0,GFLOP/s,0,8192,8192,8192
NVIDIA RTX PRO 6000 Blackwell Max-Q Workstation Edition,24038801,2026-09-26T11:27:03-0700,13.3,13.0,Release,v2_coalesced,-,8192,805306368,1099511627776,256x256,32x32,0,32,0,0,1,0.667,1,0,10,100,258.487915,257.488892,0.357661,4253.6,GFLOP/s,0,8192,8192,8192
NVIDIA RTX PRO 6000 Blackwell Max-Q Workstation Edition,24038801,2026-09-26T11:27:24-0700,13.3,13.0,Release,v3_smem_tiling,T=32,8192,805306368,1099511627776,256x256,32x32,0,38,0,8192,1,0.667,1,0,10,100,158.326752,157.642685,0.238865,6944.6,GFLOP/s,0,8192,8192,8192
NVIDIA RTX PRO 6000 Blackwell Max-Q Workstation Edition,24038801,2026-09-26T11:27:34-0700,13.3,13.0,Release,v4_1d_regblock,BMxBNxBKxTM=64x64x8x8,8192,805306368,1099511627776,128x128,512,0,48,0,4096,2,0.667,1,0,10,100,63.398560,63.180000,0.077654,17342.8,GFLOP/s,0,8192,8192,8192
NVIDIA RTX PRO 6000 Blackwell Max-Q Workstation Edition,24038801,2026-09-26T11:27:43-0700,13.3,13.0,Release,v5_2d_regblock,BMxBNxBKxTMxTN=128x128x8x8x8,8192,805306368,1099511627776,64x64,256,0,89,0,8192,2,0.333,1,0,10,100,56.174015,55.994370,0.050408,19573.3,GFLOP/s,0,8192,8192,8192
NVIDIA RTX PRO 6000 Blackwell Max-Q Workstation Edition,24038801,2026-09-26T11:27:49-0700,13.3,13.0,Release,v6_vectorized,BMxBNxBKxTMxTN=128x128x8x8x8;float4,8192,805306368,1099511627776,64x64,256,0,94,0,8192,2,0.333,1,0,10,100,29.663343,29.505119,0.059469,37066.3,GFLOP/s,0,8192,8192,8192
NVIDIA RTX PRO 6000 Blackwell Max-Q Workstation Edition,24038801,2026-09-26T11:27:54-0700,13.3,13.0,Release,cublas,cublasSgemm,1000,12000000,2000000000,-,-,0,-1,-1,-1,-1,-1.000,1,0,10,100,0.059904,0.057312,0.000967,33386.8,GFLOP/s,0,1000,1000,1000
NVIDIA RTX PRO 6000 Blackwell Max-Q Workstation Edition,24038801,2026-09-26T11:27:59-0700,13.3,13.0,Release,v1_naive,-,1000,12000000,2000000000,32x32,32x32,0,31,0,0,1,0.667,1,0,10,100,1.030976,1.028224,0.001627,1939.9,GFLOP/s,0,1000,1000,1000
NVIDIA RTX PRO 6000 Blackwell Max-Q Workstation Edition,24038801,2026-09-26T11:28:03-0700,13.3,13.0,Release,v2_coalesced,-,1000,12000000,2000000000,32x32,32x32,0,32,0,0,1,0.667,1,0,10,100,0.373312,0.371552,0.001234,5357.4,GFLOP/s,0,1000,1000,1000
NVIDIA RTX PRO 6000 Blackwell Max-Q Workstation Edition,24038801,2026-09-26T11:28:08-0700,13.3,13.0,Release,v3_smem_tiling,T=32,1000,12000000,2000000000,32x32,32x32,0,38,0,8192,1,0.667,1,0,10,100,0.280272,0.277472,0.001115,7135.9,GFLOP/s,0,1000,1000,1000
NVIDIA RTX PRO 6000 Blackwell Max-Q Workstation Edition,24038801,2026-09-26T11:28:12-0700,13.3,13.0,Release,v4_1d_regblock,BMxBNxBKxTM=64x64x8x8,1000,12000000,2000000000,16x16,512,0,48,0,4096,2,0.667,1,0,10,100,0.145760,0.144032,0.000636,13721.2,GFLOP/s,0,1000,1000,1000
NVIDIA RTX PRO 6000 Blackwell Max-Q Workstation Edition,24038801,2026-09-26T11:28:17-0700,13.3,13.0,Release,v5_2d_regblock,BMxBNxBKxTMxTN=128x128x8x8x8,1000,12000000,2000000000,8x8,256,0,89,0,8192,2,0.333,1,0,10,100,0.374592,0.372032,0.001523,5339.1,GFLOP/s,0,1000,1000,1000
NVIDIA RTX PRO 6000 Blackwell Max-Q Workstation Edition,24038801,2026-09-26T11:28:21-0700,13.3,13.0,Release,v6_vectorized,BMxBNxBKxTMxTN=128x128x8x8x8;float4,1000,12000000,2000000000,8x8,256,0,94,0,8192,2,0.333,1,0,10,100,0.161680,0.159456,0.001116,12370.1,GFLOP/s,0,1000,1000,1000
NVIDIA RTX PRO 6000 Blackwell Max-Q Workstation Edition,24038801,2026-09-26T11:28:26-0700,13.3,13.0,Release,cublas,cublasSgemm,1023,12558348,2141198334,-,-,0,-1,-1,-1,-1,-1.000,1,0,10,100,0.061824,0.060608,0.000964,34633.8,GFLOP/s,0,1023,1023,1023
NVIDIA RTX PRO 6000 Blackwell Max-Q Workstation Edition,24038801,2026-09-26T11:28:31-0700,13.3,13.0,Release,v1_naive,-,1023,12558348,2141198334,32x32,32x32,0,31,0,0,1,0.667,1,0,10,100,0.870560,0.866272,0.001852,2459.6,GFLOP/s,0,1023,1023,1023
NVIDIA RTX PRO 6000 Blackwell Max-Q Workstation Edition,24038801,2026-09-26T11:28:36-0700,13.3,13.0,Release,v2_coalesced,-,1023,12558348,2141198334,32x32,32x32,0,32,0,0,1,0.667,1,0,10,100,0.379264,0.377376,0.001372,5645.7,GFLOP/s,0,1023,1023,1023
NVIDIA RTX PRO 6000 Blackwell Max-Q Workstation Edition,24038801,2026-09-26T11:28:40-0700,13.3,13.0,Release,v3_smem_tiling,T=32,1023,12558348,2141198334,32x32,32x32,0,38,0,8192,1,0.667,1,0,10,100,0.283648,0.281376,0.001512,7548.8,GFLOP/s,0,1023,1023,1023
NVIDIA RTX PRO 6000 Blackwell Max-Q Workstation Edition,24038801,2026-09-26T11:28:45-0700,13.3,13.0,Release,v4_1d_regblock,BMxBNxBKxTM=64x64x8x8,1023,12558348,2141198334,16x16,512,0,48,0,4096,2,0.667,1,0,10,100,0.151088,0.149696,0.000640,14171.9,GFLOP/s,0,1023,1023,1023
NVIDIA RTX PRO 6000 Blackwell Max-Q Workstation Edition,24038801,2026-09-26T11:28:50-0700,13.3,13.0,Release,v5_2d_regblock,BMxBNxBKxTMxTN=128x128x8x8x8,1023,12558348,2141198334,8x8,256,0,89,0,8192,2,0.333,1,0,10,100,0.385424,0.382432,0.001384,5555.4,GFLOP/s,0,1023,1023,1023
NVIDIA RTX PRO 6000 Blackwell Max-Q Workstation Edition,24038801,2026-09-26T11:28:55-0700,13.3,13.0,Release,v6_vectorized,BMxBNxBKxTMxTN=128x128x8x8x8;scalar_fallback,1023,12558348,2141198334,8x8,256,0,95,0,8192,2,0.333,1,0,10,100,0.177856,0.176576,0.000878,12038.9,GFLOP/s,0,1023,1023,1023
NVIDIA RTX PRO 6000 Blackwell Max-Q Workstation Edition,24038801,2026-09-26T11:28:56-0700,13.3,13.0,Release,cublas,cublasSgemm,4097,201424908,137539641346,-,-,0,-1,-1,-1,-1,-1.000,1,0,10,100,2.965312,2.706848,0.116564,46382.9,GFLOP/s,0,4097,4097,4097
NVIDIA RTX PRO 6000 Blackwell Max-Q Workstation Edition,24038801,2026-09-26T11:29:03-0700,13.3,13.0,Release,v1_naive,-,4097,201424908,137539641346,129x129,32x32,0,31,0,0,1,0.667,1,0,10,100,50.467201,50.448959,0.008896,2725.3,GFLOP/s,0,4097,4097,4097
NVIDIA RTX PRO 6000 Blackwell Max-Q Workstation Edition,24038801,2026-09-26T11:29:07-0700,13.3,13.0,Release,v2_coalesced,-,4097,201424908,137539641346,129x129,32x32,0,32,0,0,1,0.667,1,0,10,100,24.195999,23.819424,0.056748,5684.4,GFLOP/s,0,4097,4097,4097
NVIDIA RTX PRO 6000 Blackwell Max-Q Workstation Edition,24038801,2026-09-26T11:29:10-0700,13.3,13.0,Release,v3_smem_tiling,T=32,4097,201424908,137539641346,129x129,32x32,0,38,0,8192,1,0.667,1,0,10,100,17.140976,17.124737,0.008754,8024.0,GFLOP/s,0,4097,4097,4097
NVIDIA RTX PRO 6000 Blackwell Max-Q Workstation Edition,24038801,2026-09-26T11:29:12-0700,13.3,13.0,Release,v4_1d_regblock,BMxBNxBKxTM=64x64x8x8,4097,201424908,137539641346,65x65,512,0,48,0,4096,2,0.667,1,0,10,100,7.527312,6.790432,0.196535,18272.1,GFLOP/s,0,4097,4097,4097
NVIDIA RTX PRO 6000 Blackwell Max-Q Workstation Edition,24038801,2026-09-26T11:29:14-0700,13.3,13.0,Release,v5_2d_regblock,BMxBNxBKxTMxTN=128x128x8x8x8,4097,201424908,137539641346,33x33,256,0,89,0,8192,2,0.333,1,0,10,100,6.230768,5.797184,0.143727,22074.3,GFLOP/s,0,4097,4097,4097
NVIDIA RTX PRO 6000 Blackwell Max-Q Workstation Edition,24038801,2026-09-26T11:29:15-0700,13.3,13.0,Release,v6_vectorized,BMxBNxBKxTMxTN=128x128x8x8x8;scalar_fallback,4097,201424908,137539641346,33x33,256,0,95,0,8192,2,0.333,1,0,10,100,4.060224,3.744544,0.133950,33874.9,GFLOP/s,0,4097,4097,4097
NVIDIA RTX PRO 6000 Blackwell Max-Q Workstation Edition,24038801,2026-09-26T11:29:17-0700,13.3,13.0,Release,cublas,cublasSgemm,777,5967804,574922502,-,-,0,-1,-1,-1,-1,-1.000,1,0,10,100,0.045376,0.043296,0.000790,12670.2,GFLOP/s,0,777,1111,333
NVIDIA RTX PRO 6000 Blackwell Max-Q Workstation Edition,24038801,2026-09-26T11:29:19-0700,13.3,13.0,Release,v1_naive,-,777,5967804,574922502,25x35,32x32,0,31,0,0,1,0.667,1,0,10,100,0.284192,0.281600,0.001496,2023.0,GFLOP/s,0,777,1111,333
NVIDIA RTX PRO 6000 Blackwell Max-Q Workstation Edition,24038801,2026-09-26T11:29:20-0700,13.3,13.0,Release,v2_coalesced,-,777,5967804,574922502,35x25,32x32,0,32,0,0,1,0.667,1,0,10,100,0.108112,0.106912,0.000593,5317.8,GFLOP/s,0,777,1111,333
NVIDIA RTX PRO 6000 Blackwell Max-Q Workstation Edition,24038801,2026-09-26T11:29:22-0700,13.3,13.0,Release,v3_smem_tiling,T=32,777,5967804,574922502,35x25,32x32,0,38,0,8192,1,0.667,1,0,10,100,0.085568,0.083008,0.000666,6718.9,GFLOP/s,0,777,1111,333
NVIDIA RTX PRO 6000 Blackwell Max-Q Workstation Edition,24038801,2026-09-26T11:29:24-0700,13.3,13.0,Release,v4_1d_regblock,BMxBNxBKxTM=64x64x8x8,777,5967804,574922502,18x13,512,0,48,0,4096,2,0.667,1,0,10,100,0.050816,0.049952,0.001078,11313.8,GFLOP/s,0,777,1111,333
NVIDIA RTX PRO 6000 Blackwell Max-Q Workstation Edition,24038801,2026-09-26T11:29:25-0700,13.3,13.0,Release,v5_2d_regblock,BMxBNxBKxTMxTN=128x128x8x8x8,777,5967804,574922502,9x7,256,0,89,0,8192,2,0.333,1,0,10,100,0.137680,0.136544,0.000882,4175.8,GFLOP/s,0,777,1111,333
NVIDIA RTX PRO 6000 Blackwell Max-Q Workstation Edition,24038801,2026-09-26T11:29:27-0700,13.3,13.0,Release,v6_vectorized,BMxBNxBKxTMxTN=128x128x8x8x8;scalar_fallback,777,5967804,574922502,9x7,256,0,95,0,8192,2,0.333,1,0,10,100,0.070224,0.068448,0.001220,8187.0,GFLOP/s,0,777,1111,333
