gpu,job_id,date,cuda_runtime,cuda_driver,build_type,kernel,variant,n,bytes,flops,grid,block,regs,local_bytes,smem_bytes,l2_flush,warmup,reps,median_ms,min_ms,stddev_ms,metric_value,metric_unit,launch_bound,rows,cols,pct_of_1530
NVIDIA RTX PRO 6000 Blackwell Max-Q Workstation Edition,24048749,2026-09-26T14:47:21-0700,13.0,13.0,torch-2.14.0+cu130+triton-3.8.0,cuda_softmax,float4,67108864,536870912,0,524288,32,35,0,256,1,10,100,0.366624,0.364576,0.001123,1464.4,GB/s,0,524288,128,95.7
NVIDIA RTX PRO 6000 Blackwell Max-Q Workstation Edition,24048749,2026-09-26T14:47:21-0700,13.0,13.0,torch-2.14.0+cu130+triton-3.8.0,triton_softmax,num_warps=1;num_stages=3;BLOCK=128,67108864,536870912,0,524288,32,16,0,0,1,10,100,0.362496,0.360448,0.001341,1481.0,GB/s,0,524288,128,96.8
NVIDIA RTX PRO 6000 Blackwell Max-Q Workstation Edition,24048749,2026-09-26T14:47:21-0700,13.0,13.0,torch-2.14.0+cu130+triton-3.8.0,torch_softmax,torch.softmax,67108864,536870912,0,-,-,-1,-1,-1,1,10,100,0.364544,0.362496,0.001349,1472.7,GB/s,0,524288,128,96.3
NVIDIA RTX PRO 6000 Blackwell Max-Q Workstation Edition,24048749,2026-09-26T14:47:21-0700,13.0,13.0,torch-2.14.0+cu130+triton-3.8.0,cuda_rmsnorm,float4,67108864,536871424,0,524288,32,40,0,128,1,10,100,0.362496,0.360448,0.001208,1481.0,GB/s,0,524288,128,96.8
NVIDIA RTX PRO 6000 Blackwell Max-Q Workstation Edition,24048749,2026-09-26T14:47:21-0700,13.0,13.0,torch-2.14.0+cu130+triton-3.8.0,triton_rmsnorm,num_warps=2;num_stages=3;BLOCK=128,67108864,536871424,0,524288,64,16,0,8,1,10,100,0.362496,0.360448,0.001174,1481.0,GB/s,0,524288,128,96.8
NVIDIA RTX PRO 6000 Blackwell Max-Q Workstation Edition,24048749,2026-09-26T14:47:21-0700,13.0,13.0,torch-2.14.0+cu130+triton-3.8.0,torch_rmsnorm,F.rms_norm,67108864,536871424,0,-,-,-1,-1,-1,1,10,100,0.393216,0.393216,0.000902,1365.3,GB/s,0,524288,128,89.2
NVIDIA RTX PRO 6000 Blackwell Max-Q Workstation Edition,24048749,2026-09-26T14:47:21-0700,13.0,13.0,torch-2.14.0+cu130+triton-3.8.0,cuda_softmax,float4,67108864,536870912,0,262144,32,35,0,256,1,10,100,0.364576,0.362528,0.001491,1472.6,GB/s,0,262144,256,96.2
NVIDIA RTX PRO 6000 Blackwell Max-Q Workstation Edition,24048749,2026-09-26T14:47:21-0700,13.0,13.0,torch-2.14.0+cu130+triton-3.8.0,triton_softmax,num_warps=4;num_stages=3;BLOCK=256,67108864,536870912,0,262144,128,16,0,16,1,10,100,0.360448,0.358400,0.001250,1489.5,GB/s,0,262144,256,97.3
NVIDIA RTX PRO 6000 Blackwell Max-Q Workstation Edition,24048749,2026-09-26T14:47:21-0700,13.0,13.0,torch-2.14.0+cu130+triton-3.8.0,torch_softmax,torch.softmax,67108864,536870912,0,-,-,-1,-1,-1,1,10,100,0.366592,0.364544,0.001317,1464.5,GB/s,0,262144,256,95.7
NVIDIA RTX PRO 6000 Blackwell Max-Q Workstation Edition,24048749,2026-09-26T14:47:21-0700,13.0,13.0,torch-2.14.0+cu130+triton-3.8.0,cuda_rmsnorm,float4,67108864,536871936,0,262144,32,40,0,128,1,10,100,0.366592,0.364544,0.001485,1464.5,GB/s,0,262144,256,95.7
NVIDIA RTX PRO 6000 Blackwell Max-Q Workstation Edition,24048749,2026-09-26T14:47:21-0700,13.0,13.0,torch-2.14.0+cu130+triton-3.8.0,triton_rmsnorm,num_warps=8;num_stages=3;BLOCK=256,67108864,536871936,0,262144,256,15,0,32,1,10,100,0.364576,0.362496,0.001152,1472.6,GB/s,0,262144,256,96.2
NVIDIA RTX PRO 6000 Blackwell Max-Q Workstation Edition,24048749,2026-09-26T14:47:21-0700,13.0,13.0,torch-2.14.0+cu130+triton-3.8.0,torch_rmsnorm,F.rms_norm,67108864,536871936,0,-,-,-1,-1,-1,1,10,100,0.366592,0.364544,0.000975,1464.5,GB/s,0,262144,256,95.7
NVIDIA RTX PRO 6000 Blackwell Max-Q Workstation Edition,24048749,2026-09-26T14:47:21-0700,13.0,13.0,torch-2.14.0+cu130+triton-3.8.0,cuda_softmax,float4,67108864,536870912,0,131072,32,35,0,256,1,10,100,0.370688,0.366592,0.001411,1448.3,GB/s,0,131072,512,94.7
NVIDIA RTX PRO 6000 Blackwell Max-Q Workstation Edition,24048749,2026-09-26T14:47:21-0700,13.0,13.0,torch-2.14.0+cu130+triton-3.8.0,triton_softmax,num_warps=1;num_stages=3;BLOCK=512,67108864,536870912,0,131072,32,38,0,0,1,10,100,0.362496,0.358400,0.001308,1481.0,GB/s,0,131072,512,96.8
NVIDIA RTX PRO 6000 Blackwell Max-Q Workstation Edition,24048749,2026-09-26T14:47:21-0700,13.0,13.0,torch-2.14.0+cu130+triton-3.8.0,torch_softmax,torch.softmax,67108864,536870912,0,-,-,-1,-1,-1,1,10,100,0.366592,0.364544,0.001175,1464.5,GB/s,0,131072,512,95.7
NVIDIA RTX PRO 6000 Blackwell Max-Q Workstation Edition,24048749,2026-09-26T14:47:21-0700,13.0,13.0,torch-2.14.0+cu130+triton-3.8.0,cuda_rmsnorm,float4,67108864,536872960,0,131072,32,40,0,128,1,10,100,0.366592,0.364544,0.000824,1464.5,GB/s,0,131072,512,95.7
NVIDIA RTX PRO 6000 Blackwell Max-Q Workstation Edition,24048749,2026-09-26T14:47:21-0700,13.0,13.0,torch-2.14.0+cu130+triton-3.8.0,triton_rmsnorm,num_warps=16;num_stages=3;BLOCK=512,67108864,536872960,0,131072,512,15,0,64,1,10,100,0.376832,0.370688,0.001285,1424.7,GB/s,0,131072,512,93.1
NVIDIA RTX PRO 6000 Blackwell Max-Q Workstation Edition,24048749,2026-09-26T14:47:21-0700,13.0,13.0,torch-2.14.0+cu130+triton-3.8.0,torch_rmsnorm,F.rms_norm,67108864,536872960,0,-,-,-1,-1,-1,1,10,100,0.366592,0.364544,0.001123,1464.5,GB/s,0,131072,512,95.7
NVIDIA RTX PRO 6000 Blackwell Max-Q Workstation Edition,24048749,2026-09-26T14:47:21-0700,13.0,13.0,torch-2.14.0+cu130+triton-3.8.0,cuda_softmax,float4,67108864,536870912,0,65536,64,35,0,256,1,10,100,0.370704,0.368640,0.001526,1448.2,GB/s,0,65536,1024,94.7
NVIDIA RTX PRO 6000 Blackwell Max-Q Workstation Edition,24048749,2026-09-26T14:47:21-0700,13.0,13.0,torch-2.14.0+cu130+triton-3.8.0,triton_softmax,num_warps=1;num_stages=3;BLOCK=1024,67108864,536870912,0,65536,32,54,0,0,1,10,100,0.362496,0.360448,0.001359,1481.0,GB/s,0,65536,1024,96.8
NVIDIA RTX PRO 6000 Blackwell Max-Q Workstation Edition,24048749,2026-09-26T14:47:21-0700,13.0,13.0,torch-2.14.0+cu130+triton-3.8.0,torch_softmax,torch.softmax,67108864,536870912,0,-,-,-1,-1,-1,1,10,100,0.364544,0.362496,0.001210,1472.7,GB/s,0,65536,1024,96.3
NVIDIA RTX PRO 6000 Blackwell Max-Q Workstation Edition,24048749,2026-09-26T14:47:21-0700,13.0,13.0,torch-2.14.0+cu130+triton-3.8.0,cuda_rmsnorm,float4,67108864,536875008,0,65536,64,40,0,128,1,10,100,0.366592,0.364544,0.001224,1464.5,GB/s,0,65536,1024,95.7
NVIDIA RTX PRO 6000 Blackwell Max-Q Workstation Edition,24048749,2026-09-26T14:47:21-0700,13.0,13.0,torch-2.14.0+cu130+triton-3.8.0,triton_rmsnorm,num_warps=4;num_stages=3;BLOCK=1024,67108864,536875008,0,65536,128,29,0,16,1,10,100,0.362496,0.362496,0.001344,1481.1,GB/s,0,65536,1024,96.8
NVIDIA RTX PRO 6000 Blackwell Max-Q Workstation Edition,24048749,2026-09-26T14:47:21-0700,13.0,13.0,torch-2.14.0+cu130+triton-3.8.0,torch_rmsnorm,F.rms_norm,67108864,536875008,0,-,-,-1,-1,-1,1,10,100,0.368640,0.366592,0.001316,1456.4,GB/s,0,65536,1024,95.2
NVIDIA RTX PRO 6000 Blackwell Max-Q Workstation Edition,24048749,2026-09-26T14:47:21-0700,13.0,13.0,torch-2.14.0+cu130+triton-3.8.0,cuda_softmax,float4,67108864,536870912,0,32768,128,35,0,256,1,10,100,0.368640,0.366592,0.001362,1456.4,GB/s,0,32768,2048,95.2
NVIDIA RTX PRO 6000 Blackwell Max-Q Workstation Edition,24048749,2026-09-26T14:47:21-0700,13.0,13.0,torch-2.14.0+cu130+triton-3.8.0,triton_softmax,num_warps=16;num_stages=3;BLOCK=2048,67108864,536870912,0,32768,512,18,0,64,1,10,100,0.360448,0.358400,0.001319,1489.5,GB/s,0,32768,2048,97.3
NVIDIA RTX PRO 6000 Blackwell Max-Q Workstation Edition,24048749,2026-09-26T14:47:21-0700,13.0,13.0,torch-2.14.0+cu130+triton-3.8.0,torch_softmax,torch.softmax,67108864,536870912,0,-,-,-1,-1,-1,1,10,100,0.370688,0.366592,0.001405,1448.3,GB/s,0,32768,2048,94.7
NVIDIA RTX PRO 6000 Blackwell Max-Q Workstation Edition,24048749,2026-09-26T14:47:21-0700,13.0,13.0,torch-2.14.0+cu130+triton-3.8.0,cuda_rmsnorm,float4,67108864,536879104,0,32768,128,40,0,128,1,10,100,0.364544,0.364544,0.001108,1472.7,GB/s,0,32768,2048,96.3
NVIDIA RTX PRO 6000 Blackwell Max-Q Workstation Edition,24048749,2026-09-26T14:47:21-0700,13.0,13.0,torch-2.14.0+cu130+triton-3.8.0,triton_rmsnorm,num_warps=1;num_stages=3;BLOCK=2048,67108864,536879104,0,32768,32,117,0,0,1,10,100,0.362496,0.360448,0.001020,1481.1,GB/s,0,32768,2048,96.8
NVIDIA RTX PRO 6000 Blackwell Max-Q Workstation Edition,24048749,2026-09-26T14:47:21-0700,13.0,13.0,torch-2.14.0+cu130+triton-3.8.0,torch_rmsnorm,F.rms_norm,67108864,536879104,0,-,-,-1,-1,-1,1,10,100,0.368640,0.366560,0.001174,1456.4,GB/s,0,32768,2048,95.2
NVIDIA RTX PRO 6000 Blackwell Max-Q Workstation Edition,24048749,2026-09-26T14:47:21-0700,13.0,13.0,torch-2.14.0+cu130+triton-3.8.0,cuda_softmax,float4,67108864,536870912,0,16384,256,35,0,256,1,10,100,0.370688,0.368640,0.001269,1448.3,GB/s,0,16384,4096,94.7
NVIDIA RTX PRO 6000 Blackwell Max-Q Workstation Edition,24048749,2026-09-26T14:47:21-0700,13.0,13.0,torch-2.14.0+cu130+triton-3.8.0,triton_softmax,num_warps=32;num_stages=3;BLOCK=4096,67108864,536870912,0,16384,1024,17,0,128,1,10,100,0.358400,0.356352,0.000897,1498.0,GB/s,0,16384,4096,97.9
NVIDIA RTX PRO 6000 Blackwell Max-Q Workstation Edition,24048749,2026-09-26T14:47:21-0700,13.0,13.0,torch-2.14.0+cu130+triton-3.8.0,torch_softmax,torch.softmax,67108864,536870912,0,-,-,-1,-1,-1,1,10,100,0.364544,0.362496,0.001022,1472.7,GB/s,0,16384,4096,96.3
NVIDIA RTX PRO 6000 Blackwell Max-Q Workstation Edition,24048749,2026-09-26T14:47:21-0700,13.0,13.0,torch-2.14.0+cu130+triton-3.8.0,cuda_rmsnorm,float4,67108864,536887296,0,16384,256,40,0,128,1,10,100,0.366592,0.364512,0.001128,1464.5,GB/s,0,16384,4096,95.7
NVIDIA RTX PRO 6000 Blackwell Max-Q Workstation Edition,24048749,2026-09-26T14:47:21-0700,13.0,13.0,torch-2.14.0+cu130+triton-3.8.0,triton_rmsnorm,num_warps=32;num_stages=3;BLOCK=4096,67108864,536887296,0,16384,1024,20,0,128,1,10,100,0.358400,0.356320,0.001029,1498.0,GB/s,0,16384,4096,97.9
NVIDIA RTX PRO 6000 Blackwell Max-Q Workstation Edition,24048749,2026-09-26T14:47:21-0700,13.0,13.0,torch-2.14.0+cu130+triton-3.8.0,torch_rmsnorm,F.rms_norm,67108864,536887296,0,-,-,-1,-1,-1,1,10,100,0.395264,0.380928,0.006300,1358.3,GB/s,0,16384,4096,88.8
NVIDIA RTX PRO 6000 Blackwell Max-Q Workstation Edition,24048749,2026-09-26T14:47:21-0700,13.0,13.0,torch-2.14.0+cu130+triton-3.8.0,cuda_softmax,float4,67108864,536870912,0,8192,512,35,0,256,1,10,100,0.368640,0.366592,0.001392,1456.4,GB/s,0,8192,8192,95.2
NVIDIA RTX PRO 6000 Blackwell Max-Q Workstation Edition,24048749,2026-09-26T14:47:21-0700,13.0,13.0,torch-2.14.0+cu130+triton-3.8.0,triton_softmax,num_warps=32;num_stages=3;BLOCK=8192,67108864,536870912,0,8192,1024,20,0,128,1,10,100,0.360448,0.358400,0.001252,1489.5,GB/s,0,8192,8192,97.3
NVIDIA RTX PRO 6000 Blackwell Max-Q Workstation Edition,24048749,2026-09-26T14:47:21-0700,13.0,13.0,torch-2.14.0+cu130+triton-3.8.0,torch_softmax,torch.softmax,67108864,536870912,0,-,-,-1,-1,-1,1,10,100,0.360448,0.358400,0.001247,1489.5,GB/s,0,8192,8192,97.3
NVIDIA RTX PRO 6000 Blackwell Max-Q Workstation Edition,24048749,2026-09-26T14:47:21-0700,13.0,13.0,torch-2.14.0+cu130+triton-3.8.0,cuda_rmsnorm,float4,67108864,536903680,0,8192,512,40,0,128,1,10,100,0.366592,0.362496,0.001279,1464.6,GB/s,0,8192,8192,95.7
NVIDIA RTX PRO 6000 Blackwell Max-Q Workstation Edition,24048749,2026-09-26T14:47:21-0700,13.0,13.0,torch-2.14.0+cu130+triton-3.8.0,triton_rmsnorm,num_warps=32;num_stages=3;BLOCK=8192,67108864,536903680,0,8192,1024,28,0,128,1,10,100,0.360448,0.358400,0.001064,1489.5,GB/s,0,8192,8192,97.4
NVIDIA RTX PRO 6000 Blackwell Max-Q Workstation Edition,24048749,2026-09-26T14:47:21-0700,13.0,13.0,torch-2.14.0+cu130+triton-3.8.0,torch_rmsnorm,F.rms_norm,67108864,536903680,0,-,-,-1,-1,-1,1,10,100,0.503808,0.497664,0.003155,1065.7,GB/s,0,8192,8192,69.7
NVIDIA RTX PRO 6000 Blackwell Max-Q Workstation Edition,24048749,2026-09-26T14:47:21-0700,13.0,13.0,torch-2.14.0+cu130+triton-3.8.0,cuda_softmax,float4,67108864,536870912,0,4096,1024,35,0,256,1,10,100,0.366592,0.364544,0.001161,1464.5,GB/s,0,4096,16384,95.7
NVIDIA RTX PRO 6000 Blackwell Max-Q Workstation Edition,24048749,2026-09-26T14:47:21-0700,13.0,13.0,torch-2.14.0+cu130+triton-3.8.0,triton_softmax,num_warps=32;num_stages=3;BLOCK=16384,67108864,536870912,0,4096,1024,34,0,128,1,10,100,0.362496,0.358400,0.001490,1481.0,GB/s,0,4096,16384,96.8
NVIDIA RTX PRO 6000 Blackwell Max-Q Workstation Edition,24048749,2026-09-26T14:47:21-0700,13.0,13.0,torch-2.14.0+cu130+triton-3.8.0,torch_softmax,torch.softmax,67108864,536870912,0,-,-,-1,-1,-1,1,10,100,0.366608,0.364544,0.001350,1464.4,GB/s,0,4096,16384,95.7
NVIDIA RTX PRO 6000 Blackwell Max-Q Workstation Edition,24048749,2026-09-26T14:47:21-0700,13.0,13.0,torch-2.14.0+cu130+triton-3.8.0,cuda_rmsnorm,float4,67108864,536936448,0,4096,1024,40,0,128,1,10,100,0.362496,0.362464,0.001115,1481.2,GB/s,0,4096,16384,96.8
NVIDIA RTX PRO 6000 Blackwell Max-Q Workstation Edition,24048749,2026-09-26T14:47:21-0700,13.0,13.0,torch-2.14.0+cu130+triton-3.8.0,triton_rmsnorm,num_warps=32;num_stages=3;BLOCK=16384,67108864,536936448,0,4096,1024,44,0,128,1,10,100,0.362496,0.360448,0.001191,1481.2,GB/s,0,4096,16384,96.8
NVIDIA RTX PRO 6000 Blackwell Max-Q Workstation Edition,24048749,2026-09-26T14:47:21-0700,13.0,13.0,torch-2.14.0+cu130+triton-3.8.0,torch_rmsnorm,F.rms_norm,67108864,536936448,0,-,-,-1,-1,-1,1,10,100,0.544768,0.540672,0.001458,985.6,GB/s,0,4096,16384,64.4
NVIDIA RTX PRO 6000 Blackwell Max-Q Workstation Edition,24048749,2026-09-26T14:47:21-0700,13.0,13.0,torch-2.14.0+cu130+triton-3.8.0,cuda_softmax,float4,67108000,536864000,0,67108,64,35,0,256,1,10,100,0.372736,0.372736,0.001036,1440.3,GB/s,0,67108,1000,94.1
NVIDIA RTX PRO 6000 Blackwell Max-Q Workstation Edition,24048749,2026-09-26T14:47:21-0700,13.0,13.0,torch-2.14.0+cu130+triton-3.8.0,triton_softmax,num_warps=16;num_stages=3;BLOCK=1024,67108000,536864000,0,67108,512,17,0,64,1,10,100,0.364544,0.362496,0.001580,1472.7,GB/s,0,67108,1000,96.3
NVIDIA RTX PRO 6000 Blackwell Max-Q Workstation Edition,24048749,2026-09-26T14:47:21-0700,13.0,13.0,torch-2.14.0+cu130+triton-3.8.0,torch_softmax,torch.softmax,67108000,536864000,0,-,-,-1,-1,-1,1,10,100,0.368640,0.366592,0.001178,1456.3,GB/s,0,67108,1000,95.2
NVIDIA RTX PRO 6000 Blackwell Max-Q Workstation Edition,24048749,2026-09-26T14:47:21-0700,13.0,13.0,torch-2.14.0+cu130+triton-3.8.0,cuda_rmsnorm,float4,67108000,536868000,0,67108,64,40,0,128,1,10,100,0.368640,0.368576,0.001040,1456.3,GB/s,0,67108,1000,95.2
NVIDIA RTX PRO 6000 Blackwell Max-Q Workstation Edition,24048749,2026-09-26T14:47:21-0700,13.0,13.0,torch-2.14.0+cu130+triton-3.8.0,triton_rmsnorm,num_warps=16;num_stages=3;BLOCK=1024,67108000,536868000,0,67108,512,17,0,4096,1,10,100,0.364560,0.362496,0.001431,1472.6,GB/s,0,67108,1000,96.3
NVIDIA RTX PRO 6000 Blackwell Max-Q Workstation Edition,24048749,2026-09-26T14:47:21-0700,13.0,13.0,torch-2.14.0+cu130+triton-3.8.0,torch_rmsnorm,F.rms_norm,67108000,536868000,0,-,-,-1,-1,-1,1,10,100,0.370688,0.368640,0.001199,1448.3,GB/s,0,67108,1000,94.7
NVIDIA RTX PRO 6000 Blackwell Max-Q Workstation Edition,24048749,2026-09-26T14:47:21-0700,13.0,13.0,torch-2.14.0+cu130+triton-3.8.0,cuda_softmax,float4,67107000,536856000,0,22369,256,35,0,256,1,10,100,0.370688,0.368640,0.001151,1448.3,GB/s,0,22369,3000,94.7
NVIDIA RTX PRO 6000 Blackwell Max-Q Workstation Edition,24048749,2026-09-26T14:47:21-0700,13.0,13.0,torch-2.14.0+cu130+triton-3.8.0,triton_softmax,num_warps=16;num_stages=3;BLOCK=4096,67107000,536856000,0,22369,512,30,0,64,1,10,100,0.365568,0.362496,0.001311,1468.6,GB/s,0,22369,3000,96.0
NVIDIA RTX PRO 6000 Blackwell Max-Q Workstation Edition,24048749,2026-09-26T14:47:21-0700,13.0,13.0,torch-2.14.0+cu130+triton-3.8.0,torch_softmax,torch.softmax,67107000,536856000,0,-,-,-1,-1,-1,1,10,100,0.368640,0.366592,0.000784,1456.3,GB/s,0,22369,3000,95.2
NVIDIA RTX PRO 6000 Blackwell Max-Q Workstation Edition,24048749,2026-09-26T14:47:21-0700,13.0,13.0,torch-2.14.0+cu130+triton-3.8.0,cuda_rmsnorm,float4,67107000,536868000,0,22369,256,40,0,128,1,10,100,0.368640,0.366592,0.001214,1456.3,GB/s,0,22369,3000,95.2
NVIDIA RTX PRO 6000 Blackwell Max-Q Workstation Edition,24048749,2026-09-26T14:47:21-0700,13.0,13.0,torch-2.14.0+cu130+triton-3.8.0,triton_rmsnorm,num_warps=16;num_stages=3;BLOCK=4096,67107000,536868000,0,22369,512,28,0,8192,1,10,100,0.364544,0.362496,0.001106,1472.7,GB/s,0,22369,3000,96.3
NVIDIA RTX PRO 6000 Blackwell Max-Q Workstation Edition,24048749,2026-09-26T14:47:21-0700,13.0,13.0,torch-2.14.0+cu130+triton-3.8.0,torch_rmsnorm,F.rms_norm,67107000,536868000,0,-,-,-1,-1,-1,1,10,100,0.370688,0.368640,0.001051,1448.3,GB/s,0,22369,3000,94.7
NVIDIA RTX PRO 6000 Blackwell Max-Q Workstation Edition,24048749,2026-09-26T14:47:21-0700,13.0,13.0,torch-2.14.0+cu130+triton-3.8.0,cuda_softmax,float4,67105000,536840000,0,13421,512,35,0,256,1,10,100,0.368640,0.366592,0.001166,1456.3,GB/s,0,13421,5000,95.2
NVIDIA RTX PRO 6000 Blackwell Max-Q Workstation Edition,24048749,2026-09-26T14:47:21-0700,13.0,13.0,torch-2.14.0+cu130+triton-3.8.0,triton_softmax,num_warps=32;num_stages=3;BLOCK=8192,67105000,536840000,0,13421,1024,24,0,128,1,10,100,0.364544,0.362496,0.001164,1472.6,GB/s,0,13421,5000,96.3
NVIDIA RTX PRO 6000 Blackwell Max-Q Workstation Edition,24048749,2026-09-26T14:47:21-0700,13.0,13.0,torch-2.14.0+cu130+triton-3.8.0,torch_softmax,torch.softmax,67105000,536840000,0,-,-,-1,-1,-1,1,10,100,0.368640,0.366592,0.001160,1456.3,GB/s,0,13421,5000,95.2
NVIDIA RTX PRO 6000 Blackwell Max-Q Workstation Edition,24048749,2026-09-26T14:47:21-0700,13.0,13.0,torch-2.14.0+cu130+triton-3.8.0,cuda_rmsnorm,float4,67105000,536860000,0,13421,512,40,0,128,1,10,100,0.368640,0.366592,0.001122,1456.3,GB/s,0,13421,5000,95.2
NVIDIA RTX PRO 6000 Blackwell Max-Q Workstation Edition,24048749,2026-09-26T14:47:21-0700,13.0,13.0,torch-2.14.0+cu130+triton-3.8.0,triton_rmsnorm,num_warps=32;num_stages=3;BLOCK=8192,67105000,536860000,0,13421,1024,30,0,16384,1,10,100,0.364544,0.362464,0.001159,1472.7,GB/s,0,13421,5000,96.3
NVIDIA RTX PRO 6000 Blackwell Max-Q Workstation Edition,24048749,2026-09-26T14:47:21-0700,13.0,13.0,torch-2.14.0+cu130+triton-3.8.0,torch_rmsnorm,F.rms_norm,67105000,536860000,0,-,-,-1,-1,-1,1,10,100,0.404480,0.397312,0.002310,1327.3,GB/s,0,13421,5000,86.8
NVIDIA RTX PRO 6000 Blackwell Max-Q Workstation Edition,24049119,2026-09-26T14:52:35-0700,13.0,13.0,torch-2.14.0+cu130+triton-3.8.0,cuda_softmax,scalar,67108041,536864328,0,67041,64,24,0,256,1,10,100,0.378880,0.374816,0.002201,1417.0,GB/s,0,67041,1001,92.6
NVIDIA RTX PRO 6000 Blackwell Max-Q Workstation Edition,24049119,2026-09-26T14:52:35-0700,13.0,13.0,torch-2.14.0+cu130+triton-3.8.0,triton_softmax,num_warps=16;num_stages=3;BLOCK=1024,67108041,536864328,0,67041,512,17,0,64,1,10,100,0.364544,0.362496,0.001034,1472.7,GB/s,0,67041,1001,96.3
NVIDIA RTX PRO 6000 Blackwell Max-Q Workstation Edition,24049119,2026-09-26T14:52:35-0700,13.0,13.0,torch-2.14.0+cu130+triton-3.8.0,torch_softmax,torch.softmax,67108041,536864328,0,-,-,-1,-1,-1,1,10,100,0.368640,0.366592,0.001166,1456.3,GB/s,0,67041,1001,95.2
NVIDIA RTX PRO 6000 Blackwell Max-Q Workstation Edition,24049119,2026-09-26T14:52:35-0700,13.0,13.0,torch-2.14.0+cu130+triton-3.8.0,cuda_rmsnorm,scalar,67108041,536868332,0,67041,64,18,0,128,1,10,100,0.378880,0.374784,0.002300,1417.0,GB/s,0,67041,1001,92.6
NVIDIA RTX PRO 6000 Blackwell Max-Q Workstation Edition,24049119,2026-09-26T14:52:35-0700,13.0,13.0,torch-2.14.0+cu130+triton-3.8.0,triton_rmsnorm,num_warps=16;num_stages=3;BLOCK=1024,67108041,536868332,0,67041,512,17,0,4096,1,10,100,0.364544,0.362496,0.001070,1472.7,GB/s,0,67041,1001,96.3
NVIDIA RTX PRO 6000 Blackwell Max-Q Workstation Edition,24049119,2026-09-26T14:52:35-0700,13.0,13.0,torch-2.14.0+cu130+triton-3.8.0,torch_rmsnorm,F.rms_norm,67108041,536868332,0,-,-,-1,-1,-1,1,10,100,0.700416,0.696320,0.002127,766.5,GB/s,0,67041,1001,50.1
NVIDIA RTX PRO 6000 Blackwell Max-Q Workstation Edition,24049119,2026-09-26T14:52:35-0700,13.0,13.0,torch-2.14.0+cu130+triton-3.8.0,cuda_softmax,scalar,67108828,536870624,0,16372,512,24,0,256,1,10,100,0.372736,0.372736,0.001161,1440.4,GB/s,0,16372,4099,94.1
NVIDIA RTX PRO 6000 Blackwell Max-Q Workstation Edition,24049119,2026-09-26T14:52:35-0700,13.0,13.0,torch-2.14.0+cu130+triton-3.8.0,triton_softmax,num_warps=32;num_stages=3;BLOCK=8192,67108828,536870624,0,16372,1024,24,0,128,1,10,100,0.366592,0.364544,0.001496,1464.5,GB/s,0,16372,4099,95.7
NVIDIA RTX PRO 6000 Blackwell Max-Q Workstation Edition,24049119,2026-09-26T14:52:35-0700,13.0,13.0,torch-2.14.0+cu130+triton-3.8.0,torch_softmax,torch.softmax,67108828,536870624,0,-,-,-1,-1,-1,1,10,100,0.368640,0.366592,0.001263,1456.4,GB/s,0,16372,4099,95.2
NVIDIA RTX PRO 6000 Blackwell Max-Q Workstation Edition,24049119,2026-09-26T14:52:35-0700,13.0,13.0,torch-2.14.0+cu130+triton-3.8.0,cuda_rmsnorm,scalar,67108828,536887020,0,16372,512,18,0,128,1,10,100,0.370688,0.368640,0.001012,1448.4,GB/s,0,16372,4099,94.7
NVIDIA RTX PRO 6000 Blackwell Max-Q Workstation Edition,24049119,2026-09-26T14:52:35-0700,13.0,13.0,torch-2.14.0+cu130+triton-3.8.0,triton_rmsnorm,num_warps=32;num_stages=3;BLOCK=8192,67108828,536887020,0,16372,1024,30,0,16384,1,10,100,0.366592,0.364544,0.001301,1464.5,GB/s,0,16372,4099,95.7
NVIDIA RTX PRO 6000 Blackwell Max-Q Workstation Edition,24049119,2026-09-26T14:52:35-0700,13.0,13.0,torch-2.14.0+cu130+triton-3.8.0,torch_rmsnorm,F.rms_norm,67108828,536887020,0,-,-,-1,-1,-1,1,10,100,0.559104,0.557056,0.001383,960.3,GB/s,0,16372,4099,62.8
