timestamp,event,label
2026/09/26 14:59:02.621,start,triton_matmul_512x512x512
2026/09/26 14:59:03.134,end,triton_matmul_512x512x512
2026/09/26 14:59:03.136,start,torch_matmul_512x512x512
2026/09/26 14:59:03.648,end,torch_matmul_512x512x512
2026/09/26 14:59:03.651,start,sgemm_v0_512x512x512
2026/09/26 14:59:05.087,end,sgemm_v0_512x512x512
2026/09/26 14:59:05.088,start,sgemm_v6_512x512x512
2026/09/26 14:59:08.955,end,sgemm_v6_512x512x512
2026/09/26 14:59:08.956,start,sgemm_v5_512x512x512
2026/09/26 14:59:13.814,end,sgemm_v5_512x512x512
2026/09/26 14:59:15.775,start,triton_matmul_1000x1000x1000
2026/09/26 14:59:16.294,end,triton_matmul_1000x1000x1000
2026/09/26 14:59:16.296,start,torch_matmul_1000x1000x1000
2026/09/26 14:59:16.814,end,torch_matmul_1000x1000x1000
2026/09/26 14:59:16.817,start,sgemm_v0_1000x1000x1000
2026/09/26 14:59:22.290,end,sgemm_v0_1000x1000x1000
2026/09/26 14:59:22.291,start,sgemm_v6_1000x1000x1000
2026/09/26 14:59:27.729,end,sgemm_v6_1000x1000x1000
2026/09/26 14:59:27.730,start,sgemm_v5_1000x1000x1000
2026/09/26 14:59:33.493,end,sgemm_v5_1000x1000x1000
2026/09/26 14:59:35.353,start,triton_matmul_1024x1024x1024
2026/09/26 14:59:35.870,end,triton_matmul_1024x1024x1024
2026/09/26 14:59:35.872,start,torch_matmul_1024x1024x1024
2026/09/26 14:59:36.390,end,torch_matmul_1024x1024x1024
2026/09/26 14:59:36.393,start,sgemm_v0_1024x1024x1024
2026/09/26 14:59:41.525,end,sgemm_v0_1024x1024x1024
2026/09/26 14:59:41.527,start,sgemm_v6_1024x1024x1024
2026/09/26 14:59:47.563,end,sgemm_v6_1024x1024x1024
2026/09/26 14:59:47.564,start,sgemm_v5_1024x1024x1024
2026/09/26 14:59:54.004,end,sgemm_v5_1024x1024x1024
2026/09/26 14:59:55.936,start,triton_matmul_1536x1536x1536
2026/09/26 14:59:56.465,end,triton_matmul_1536x1536x1536
2026/09/26 14:59:56.468,start,torch_matmul_1536x1536x1536
2026/09/26 14:59:57.000,end,torch_matmul_1536x1536x1536
2026/09/26 14:59:57.004,start,sgemm_v0_1536x1536x1536
2026/09/26 14:59:58.080,end,sgemm_v0_1536x1536x1536
2026/09/26 14:59:58.081,start,sgemm_v6_1536x1536x1536
2026/09/26 14:59:59.340,end,sgemm_v6_1536x1536x1536
2026/09/26 14:59:59.341,start,sgemm_v5_1536x1536x1536
2026/09/26 15:00:00.786,end,sgemm_v5_1536x1536x1536
2026/09/26 15:00:02.803,start,triton_matmul_2048x2048x2048
2026/09/26 15:00:03.363,end,triton_matmul_2048x2048x2048
2026/09/26 15:00:03.365,start,torch_matmul_2048x2048x2048
2026/09/26 15:00:03.914,end,torch_matmul_2048x2048x2048
2026/09/26 15:00:03.917,start,sgemm_v0_2048x2048x2048
2026/09/26 15:00:04.930,end,sgemm_v0_2048x2048x2048
2026/09/26 15:00:04.931,start,sgemm_v6_2048x2048x2048
2026/09/26 15:00:06.174,end,sgemm_v6_2048x2048x2048
2026/09/26 15:00:06.176,start,sgemm_v5_2048x2048x2048
2026/09/26 15:00:07.601,end,sgemm_v5_2048x2048x2048
2026/09/26 15:00:09.816,start,triton_matmul_3000x3000x3000
2026/09/26 15:00:10.475,end,triton_matmul_3000x3000x3000
2026/09/26 15:00:10.478,start,torch_matmul_3000x3000x3000
2026/09/26 15:00:11.124,end,torch_matmul_3000x3000x3000
2026/09/26 15:00:11.127,start,sgemm_v0_3000x3000x3000
2026/09/26 15:00:12.357,end,sgemm_v0_3000x3000x3000
2026/09/26 15:00:12.358,start,sgemm_v6_3000x3000x3000
2026/09/26 15:00:13.822,end,sgemm_v6_3000x3000x3000
2026/09/26 15:00:13.824,start,sgemm_v5_3000x3000x3000
2026/09/26 15:00:15.474,end,sgemm_v5_3000x3000x3000
2026/09/26 15:00:17.885,start,triton_matmul_4096x4096x4096
2026/09/26 15:00:18.748,end,triton_matmul_4096x4096x4096
2026/09/26 15:00:18.750,start,torch_matmul_4096x4096x4096
2026/09/26 15:00:19.577,end,torch_matmul_4096x4096x4096
2026/09/26 15:00:19.581,start,sgemm_v0_4096x4096x4096
2026/09/26 15:00:21.294,end,sgemm_v0_4096x4096x4096
2026/09/26 15:00:21.295,start,sgemm_v6_4096x4096x4096
2026/09/26 15:00:23.247,end,sgemm_v6_4096x4096x4096
2026/09/26 15:00:23.248,start,sgemm_v5_4096x4096x4096
2026/09/26 15:00:25.455,end,sgemm_v5_4096x4096x4096
2026/09/26 15:00:27.981,start,triton_matmul_4097x4097x4097
2026/09/26 15:00:28.963,end,triton_matmul_4097x4097x4097
2026/09/26 15:00:28.965,start,torch_matmul_4097x4097x4097
2026/09/26 15:00:29.820,end,torch_matmul_4097x4097x4097
2026/09/26 15:00:29.825,start,sgemm_v0_4097x4097x4097
2026/09/26 15:00:31.487,end,sgemm_v0_4097x4097x4097
2026/09/26 15:00:31.488,start,sgemm_v6_4097x4097x4097
2026/09/26 15:00:33.398,end,sgemm_v6_4097x4097x4097
2026/09/26 15:00:33.399,start,sgemm_v5_4097x4097x4097
2026/09/26 15:00:35.439,end,sgemm_v5_4097x4097x4097
2026/09/26 15:00:38.816,start,triton_matmul_6144x6144x6144
2026/09/26 15:00:40.609,end,triton_matmul_6144x6144x6144
2026/09/26 15:00:40.611,start,torch_matmul_6144x6144x6144
2026/09/26 15:00:42.345,end,torch_matmul_6144x6144x6144
2026/09/26 15:00:42.352,start,sgemm_v0_6144x6144x6144
2026/09/26 15:00:45.547,end,sgemm_v0_6144x6144x6144
2026/09/26 15:00:45.548,start,sgemm_v6_6144x6144x6144
2026/09/26 15:00:49.245,end,sgemm_v6_6144x6144x6144
2026/09/26 15:00:49.246,start,sgemm_v5_6144x6144x6144
2026/09/26 15:00:53.288,end,sgemm_v5_6144x6144x6144
2026/09/26 15:00:58.651,start,triton_matmul_8192x8192x8192
2026/09/26 15:01:02.096,end,triton_matmul_8192x8192x8192
2026/09/26 15:01:02.098,start,torch_matmul_8192x8192x8192
2026/09/26 15:01:05.324,end,torch_matmul_8192x8192x8192
2026/09/26 15:01:05.335,start,sgemm_v0_8192x8192x8192
2026/09/26 15:01:10.784,end,sgemm_v0_8192x8192x8192
2026/09/26 15:01:10.785,start,sgemm_v6_8192x8192x8192
2026/09/26 15:01:17.037,end,sgemm_v6_8192x8192x8192
2026/09/26 15:01:17.038,start,sgemm_v5_8192x8192x8192
2026/09/26 15:01:24.178,end,sgemm_v5_8192x8192x8192
2026/09/26 15:01:25.994,start,triton_matmul_777x1111x333
2026/09/26 15:01:26.508,end,triton_matmul_777x1111x333
2026/09/26 15:01:26.510,start,torch_matmul_777x1111x333
2026/09/26 15:01:27.025,end,torch_matmul_777x1111x333
2026/09/26 15:01:27.030,start,sgemm_v0_777x1111x333
2026/09/26 15:01:29.202,end,sgemm_v0_777x1111x333
2026/09/26 15:01:29.204,start,sgemm_v6_777x1111x333
2026/09/26 15:01:31.854,end,sgemm_v6_777x1111x333
2026/09/26 15:01:31.855,start,sgemm_v5_777x1111x333
2026/09/26 15:01:34.741,end,sgemm_v5_777x1111x333
2026/09/26 15:01:47.414,start,triton_matmul_1000x3000x2000
2026/09/26 15:01:47.960,end,triton_matmul_1000x3000x2000
2026/09/26 15:01:47.962,start,torch_matmul_1000x3000x2000
2026/09/26 15:01:48.509,end,torch_matmul_1000x3000x2000
2026/09/26 15:01:48.513,start,sgemm_v0_1000x3000x2000
2026/09/26 15:01:49.559,end,sgemm_v0_1000x3000x2000
2026/09/26 15:01:49.560,start,sgemm_v6_1000x3000x2000
2026/09/26 15:01:50.915,end,sgemm_v6_1000x3000x2000
2026/09/26 15:01:50.916,start,sgemm_v5_1000x3000x2000
2026/09/26 15:01:52.520,end,sgemm_v5_1000x3000x2000
2026/09/26 15:02:03.892,start,triton_matmul_4096x4096x1000
2026/09/26 15:02:04.505,end,triton_matmul_4096x4096x1000
2026/09/26 15:02:04.507,start,torch_matmul_4096x4096x1000
2026/09/26 15:02:05.106,end,torch_matmul_4096x4096x1000
2026/09/26 15:02:05.110,start,sgemm_v0_4096x4096x1000
2026/09/26 15:02:06.412,end,sgemm_v0_4096x4096x1000
2026/09/26 15:02:06.414,start,sgemm_v6_4096x4096x1000
2026/09/26 15:02:07.825,end,sgemm_v6_4096x4096x1000
2026/09/26 15:02:07.826,start,sgemm_v5_4096x4096x1000
2026/09/26 15:02:09.431,end,sgemm_v5_4096x4096x1000
2026/09/26 15:02:10.131,start,triton_fixed_4096x4096x4096_128x128x32_w8_s1
2026/09/26 15:02:11.061,end,triton_fixed_4096x4096x4096_128x128x32_w8_s1
2026/09/26 15:02:11.763,start,triton_fixed_4096x4096x4096_128x128x32_w8_s2
2026/09/26 15:02:12.640,end,triton_fixed_4096x4096x4096_128x128x32_w8_s2
2026/09/26 15:02:13.337,start,triton_fixed_4096x4096x4096_128x128x32_w8_s3
2026/09/26 15:02:14.202,end,triton_fixed_4096x4096x4096_128x128x32_w8_s3
2026/09/26 15:02:15.590,start,triton_fixed_4096x4096x4096_128x128x32_w8_s4
2026/09/26 15:02:16.456,end,triton_fixed_4096x4096x4096_128x128x32_w8_s4
2026/09/26 15:02:17.519,start,triton_fixed_4096x4096x4096_128x128x16_w8_s1
2026/09/26 15:02:18.453,end,triton_fixed_4096x4096x4096_128x128x16_w8_s1
2026/09/26 15:02:19.543,start,triton_fixed_4096x4096x4096_128x128x16_w8_s3
2026/09/26 15:02:20.447,end,triton_fixed_4096x4096x4096_128x128x16_w8_s3
2026/09/26 15:02:21.203,start,triton_fixed_4096x4096x4096_128x128x32_w4_s3
2026/09/26 15:02:22.118,end,triton_fixed_4096x4096x4096_128x128x32_w4_s3
2026/09/26 15:02:23.199,start,triton_fixed_4096x4096x4096_64x64x32_w4_s3
2026/09/26 15:02:24.126,end,triton_fixed_4096x4096x4096_64x64x32_w4_s3
2026/09/26 15:02:24.832,start,triton_fixed_4096x4096x4096_128x64x32_w4_s4
2026/09/26 15:02:25.702,end,triton_fixed_4096x4096x4096_128x64x32_w4_s4
2026/09/26 15:02:27.203,start,triton_fixed_4097x4097x4097_128x128x32_w8_s1
2026/09/26 15:02:28.133,end,triton_fixed_4097x4097x4097_128x128x32_w8_s1
2026/09/26 15:02:29.694,start,triton_fixed_4097x4097x4097_128x128x32_w8_s2
2026/09/26 15:02:30.674,end,triton_fixed_4097x4097x4097_128x128x32_w8_s2
2026/09/26 15:02:31.405,start,triton_fixed_4097x4097x4097_128x128x32_w8_s3
2026/09/26 15:02:32.389,end,triton_fixed_4097x4097x4097_128x128x32_w8_s3
2026/09/26 15:02:34.048,start,triton_fixed_4097x4097x4097_128x128x32_w8_s4
2026/09/26 15:02:35.022,end,triton_fixed_4097x4097x4097_128x128x32_w8_s4
2026/09/26 15:02:36.208,start,triton_fixed_4097x4097x4097_128x128x16_w8_s1
2026/09/26 15:02:37.172,end,triton_fixed_4097x4097x4097_128x128x16_w8_s1
2026/09/26 15:02:38.430,start,triton_fixed_4097x4097x4097_128x128x16_w8_s3
2026/09/26 15:02:39.400,end,triton_fixed_4097x4097x4097_128x128x16_w8_s3
2026/09/26 15:02:40.227,start,triton_fixed_4097x4097x4097_128x128x32_w4_s3
2026/09/26 15:02:41.453,end,triton_fixed_4097x4097x4097_128x128x32_w4_s3
2026/09/26 15:02:42.680,start,triton_fixed_4097x4097x4097_64x64x32_w4_s3
2026/09/26 15:02:43.721,end,triton_fixed_4097x4097x4097_64x64x32_w4_s3
2026/09/26 15:02:44.469,start,triton_fixed_4097x4097x4097_128x64x32_w4_s4
2026/09/26 15:02:45.491,end,triton_fixed_4097x4097x4097_128x64x32_w4_s4
2026/09/26 15:02:46.050,start,cuda_softmax_128
2026/09/26 15:02:46.624,end,cuda_softmax_128
2026/09/26 15:02:47.863,start,triton_softmax_128
2026/09/26 15:02:48.429,end,triton_softmax_128
2026/09/26 15:02:48.455,start,cuda_softmax_512
2026/09/26 15:02:49.024,end,cuda_softmax_512
2026/09/26 15:02:50.233,start,triton_softmax_512
2026/09/26 15:02:50.800,end,triton_softmax_512
2026/09/26 15:02:50.826,start,cuda_softmax_1000
2026/09/26 15:02:51.395,end,cuda_softmax_1000
2026/09/26 15:02:52.596,start,triton_softmax_1000
2026/09/26 15:02:53.163,end,triton_softmax_1000
2026/09/26 15:02:53.189,start,cuda_softmax_1001
2026/09/26 15:02:53.760,end,cuda_softmax_1001
2026/09/26 15:02:54.941,start,triton_softmax_1001
2026/09/26 15:02:55.509,end,triton_softmax_1001
2026/09/26 15:02:55.534,start,cuda_softmax_1024
2026/09/26 15:02:56.106,end,cuda_softmax_1024
2026/09/26 15:02:57.311,start,triton_softmax_1024
2026/09/26 15:02:57.880,end,triton_softmax_1024
2026/09/26 15:02:57.908,start,cuda_softmax_2048
2026/09/26 15:02:58.477,end,cuda_softmax_2048
2026/09/26 15:02:59.678,start,triton_softmax_2048
2026/09/26 15:03:00.249,end,triton_softmax_2048
2026/09/26 15:03:00.275,start,cuda_softmax_3000
2026/09/26 15:03:00.846,end,cuda_softmax_3000
2026/09/26 15:03:02.058,start,triton_softmax_3000
2026/09/26 15:03:02.626,end,triton_softmax_3000
2026/09/26 15:03:02.653,start,cuda_softmax_4096
2026/09/26 15:03:03.221,end,cuda_softmax_4096
2026/09/26 15:03:04.426,start,triton_softmax_4096
2026/09/26 15:03:04.998,end,triton_softmax_4096
2026/09/26 15:03:05.025,start,cuda_softmax_4099
2026/09/26 15:03:05.597,end,cuda_softmax_4099
2026/09/26 15:03:06.815,start,triton_softmax_4099
2026/09/26 15:03:07.388,end,triton_softmax_4099
2026/09/26 15:03:07.415,start,cuda_softmax_6000
2026/09/26 15:03:07.983,end,cuda_softmax_6000
2026/09/26 15:03:09.200,start,triton_softmax_6000
2026/09/26 15:03:09.771,end,triton_softmax_6000
2026/09/26 15:03:09.798,start,cuda_softmax_8192
2026/09/26 15:03:10.371,end,cuda_softmax_8192
2026/09/26 15:03:11.586,start,triton_softmax_8192
2026/09/26 15:03:12.156,end,triton_softmax_8192
2026/09/26 15:03:12.182,start,cuda_softmax_12000
2026/09/26 15:03:12.752,end,cuda_softmax_12000
2026/09/26 15:03:13.972,start,triton_softmax_12000
2026/09/26 15:03:14.541,end,triton_softmax_12000
2026/09/26 15:03:14.567,start,cuda_softmax_16384
2026/09/26 15:03:15.135,end,cuda_softmax_16384
2026/09/26 15:03:16.360,start,triton_softmax_16384
2026/09/26 15:03:16.929,end,triton_softmax_16384
