gpu,job_id,date,cuda_runtime,cuda_driver,build_type,M,N,K,config,autotune_ms_median,chosen
NVIDIA RTX PRO 6000 Blackwell Max-Q Workstation Edition,24049608,2026-09-26T14:59:00-0700,13.0,13.0,torch-2.14.0+cu130+triton-3.8.0,512,512,512,"BM=128,BN=128,BK=32,GROUP_M=8;num_warps=8;num_stages=3",0.051200,0
NVIDIA RTX PRO 6000 Blackwell Max-Q Workstation Edition,24049608,2026-09-26T14:59:00-0700,13.0,13.0,torch-2.14.0+cu130+triton-3.8.0,512,512,512,"BM=128,BN=128,BK=16,GROUP_M=8;num_warps=8;num_stages=4",0.053248,0
NVIDIA RTX PRO 6000 Blackwell Max-Q Workstation Edition,24049608,2026-09-26T14:59:00-0700,13.0,13.0,torch-2.14.0+cu130+triton-3.8.0,512,512,512,"BM=128,BN=128,BK=32,GROUP_M=8;num_warps=4;num_stages=3",0.065120,0
NVIDIA RTX PRO 6000 Blackwell Max-Q Workstation Edition,24049608,2026-09-26T14:59:00-0700,13.0,13.0,torch-2.14.0+cu130+triton-3.8.0,512,512,512,"BM=128,BN=64,BK=32,GROUP_M=8;num_warps=4;num_stages=4",0.030720,0
NVIDIA RTX PRO 6000 Blackwell Max-Q Workstation Edition,24049608,2026-09-26T14:59:00-0700,13.0,13.0,torch-2.14.0+cu130+triton-3.8.0,512,512,512,"BM=64,BN=128,BK=32,GROUP_M=8;num_warps=4;num_stages=4",0.032448,0
NVIDIA RTX PRO 6000 Blackwell Max-Q Workstation Edition,24049608,2026-09-26T14:59:00-0700,13.0,13.0,torch-2.14.0+cu130+triton-3.8.0,512,512,512,"BM=64,BN=64,BK=32,GROUP_M=8;num_warps=4;num_stages=4",0.022528,0
NVIDIA RTX PRO 6000 Blackwell Max-Q Workstation Edition,24049608,2026-09-26T14:59:00-0700,13.0,13.0,torch-2.14.0+cu130+triton-3.8.0,512,512,512,"BM=128,BN=256,BK=16,GROUP_M=8;num_warps=8;num_stages=3",0.102400,0
NVIDIA RTX PRO 6000 Blackwell Max-Q Workstation Edition,24049608,2026-09-26T14:59:00-0700,13.0,13.0,torch-2.14.0+cu130+triton-3.8.0,512,512,512,"BM=256,BN=128,BK=16,GROUP_M=8;num_warps=8;num_stages=3",0.100352,0
NVIDIA RTX PRO 6000 Blackwell Max-Q Workstation Edition,24049608,2026-09-26T14:59:00-0700,13.0,13.0,torch-2.14.0+cu130+triton-3.8.0,512,512,512,"BM=64,BN=64,BK=64,GROUP_M=8;num_warps=4;num_stages=3",0.020480,0
NVIDIA RTX PRO 6000 Blackwell Max-Q Workstation Edition,24049608,2026-09-26T14:59:00-0700,13.0,13.0,torch-2.14.0+cu130+triton-3.8.0,512,512,512,"BM=128,BN=64,BK=64,GROUP_M=8;num_warps=8;num_stages=3",0.030688,0
NVIDIA RTX PRO 6000 Blackwell Max-Q Workstation Edition,24049608,2026-09-26T14:59:00-0700,13.0,13.0,torch-2.14.0+cu130+triton-3.8.0,512,512,512,"BM=64,BN=256,BK=32,GROUP_M=8;num_warps=8;num_stages=3",0.050880,0
NVIDIA RTX PRO 6000 Blackwell Max-Q Workstation Edition,24049608,2026-09-26T14:59:00-0700,13.0,13.0,torch-2.14.0+cu130+triton-3.8.0,512,512,512,"BM=32,BN=64,BK=32,GROUP_M=8;num_warps=4;num_stages=5",0.016064,1
NVIDIA RTX PRO 6000 Blackwell Max-Q Workstation Edition,24049608,2026-09-26T14:59:00-0700,13.0,13.0,torch-2.14.0+cu130+triton-3.8.0,1000,1000,1000,"BM=128,BN=128,BK=32,GROUP_M=8;num_warps=8;num_stages=3",0.134848,0
NVIDIA RTX PRO 6000 Blackwell Max-Q Workstation Edition,24049608,2026-09-26T14:59:00-0700,13.0,13.0,torch-2.14.0+cu130+triton-3.8.0,1000,1000,1000,"BM=128,BN=128,BK=16,GROUP_M=8;num_warps=8;num_stages=4",0.118784,0
NVIDIA RTX PRO 6000 Blackwell Max-Q Workstation Edition,24049608,2026-09-26T14:59:00-0700,13.0,13.0,torch-2.14.0+cu130+triton-3.8.0,1000,1000,1000,"BM=128,BN=128,BK=32,GROUP_M=8;num_warps=4;num_stages=3",0.267392,0
NVIDIA RTX PRO 6000 Blackwell Max-Q Workstation Edition,24049608,2026-09-26T14:59:00-0700,13.0,13.0,torch-2.14.0+cu130+triton-3.8.0,1000,1000,1000,"BM=128,BN=64,BK=32,GROUP_M=8;num_warps=4;num_stages=4",0.092224,0
NVIDIA RTX PRO 6000 Blackwell Max-Q Workstation Edition,24049608,2026-09-26T14:59:00-0700,13.0,13.0,torch-2.14.0+cu130+triton-3.8.0,1000,1000,1000,"BM=64,BN=128,BK=32,GROUP_M=8;num_warps=4;num_stages=4",0.083968,0
NVIDIA RTX PRO 6000 Blackwell Max-Q Workstation Edition,24049608,2026-09-26T14:59:00-0700,13.0,13.0,torch-2.14.0+cu130+triton-3.8.0,1000,1000,1000,"BM=64,BN=64,BK=32,GROUP_M=8;num_warps=4;num_stages=4",0.079904,0
NVIDIA RTX PRO 6000 Blackwell Max-Q Workstation Edition,24049608,2026-09-26T14:59:00-0700,13.0,13.0,torch-2.14.0+cu130+triton-3.8.0,1000,1000,1000,"BM=128,BN=256,BK=16,GROUP_M=8;num_warps=8;num_stages=3",0.258080,0
NVIDIA RTX PRO 6000 Blackwell Max-Q Workstation Edition,24049608,2026-09-26T14:59:00-0700,13.0,13.0,torch-2.14.0+cu130+triton-3.8.0,1000,1000,1000,"BM=256,BN=128,BK=16,GROUP_M=8;num_warps=8;num_stages=3",0.362496,0
NVIDIA RTX PRO 6000 Blackwell Max-Q Workstation Edition,24049608,2026-09-26T14:59:00-0700,13.0,13.0,torch-2.14.0+cu130+triton-3.8.0,1000,1000,1000,"BM=64,BN=64,BK=64,GROUP_M=8;num_warps=4;num_stages=3",0.116736,0
NVIDIA RTX PRO 6000 Blackwell Max-Q Workstation Edition,24049608,2026-09-26T14:59:00-0700,13.0,13.0,torch-2.14.0+cu130+triton-3.8.0,1000,1000,1000,"BM=128,BN=64,BK=64,GROUP_M=8;num_warps=8;num_stages=3",0.077984,1
NVIDIA RTX PRO 6000 Blackwell Max-Q Workstation Edition,24049608,2026-09-26T14:59:00-0700,13.0,13.0,torch-2.14.0+cu130+triton-3.8.0,1000,1000,1000,"BM=64,BN=256,BK=32,GROUP_M=8;num_warps=8;num_stages=3",0.120832,0
NVIDIA RTX PRO 6000 Blackwell Max-Q Workstation Edition,24049608,2026-09-26T14:59:00-0700,13.0,13.0,torch-2.14.0+cu130+triton-3.8.0,1000,1000,1000,"BM=32,BN=64,BK=32,GROUP_M=8;num_warps=4;num_stages=5",0.100384,0
NVIDIA RTX PRO 6000 Blackwell Max-Q Workstation Edition,24049608,2026-09-26T14:59:00-0700,13.0,13.0,torch-2.14.0+cu130+triton-3.8.0,1024,1024,1024,"BM=128,BN=128,BK=32,GROUP_M=8;num_warps=8;num_stages=3",0.093952,0
NVIDIA RTX PRO 6000 Blackwell Max-Q Workstation Edition,24049608,2026-09-26T14:59:00-0700,13.0,13.0,torch-2.14.0+cu130+triton-3.8.0,1024,1024,1024,"BM=128,BN=128,BK=16,GROUP_M=8;num_warps=8;num_stages=4",0.100032,0
NVIDIA RTX PRO 6000 Blackwell Max-Q Workstation Edition,24049608,2026-09-26T14:59:00-0700,13.0,13.0,torch-2.14.0+cu130+triton-3.8.0,1024,1024,1024,"BM=128,BN=128,BK=32,GROUP_M=8;num_warps=4;num_stages=3",0.129120,0
NVIDIA RTX PRO 6000 Blackwell Max-Q Workstation Edition,24049608,2026-09-26T14:59:00-0700,13.0,13.0,torch-2.14.0+cu130+triton-3.8.0,1024,1024,1024,"BM=128,BN=64,BK=32,GROUP_M=8;num_warps=4;num_stages=4",0.059392,0
NVIDIA RTX PRO 6000 Blackwell Max-Q Workstation Edition,24049608,2026-09-26T14:59:00-0700,13.0,13.0,torch-2.14.0+cu130+triton-3.8.0,1024,1024,1024,"BM=64,BN=128,BK=32,GROUP_M=8;num_warps=4;num_stages=4",0.063488,0
NVIDIA RTX PRO 6000 Blackwell Max-Q Workstation Edition,24049608,2026-09-26T14:59:00-0700,13.0,13.0,torch-2.14.0+cu130+triton-3.8.0,1024,1024,1024,"BM=64,BN=64,BK=32,GROUP_M=8;num_warps=4;num_stages=4",0.069664,0
NVIDIA RTX PRO 6000 Blackwell Max-Q Workstation Edition,24049608,2026-09-26T14:59:00-0700,13.0,13.0,torch-2.14.0+cu130+triton-3.8.0,1024,1024,1024,"BM=128,BN=256,BK=16,GROUP_M=8;num_warps=8;num_stages=3",0.196608,0
NVIDIA RTX PRO 6000 Blackwell Max-Q Workstation Edition,24049608,2026-09-26T14:59:00-0700,13.0,13.0,torch-2.14.0+cu130+triton-3.8.0,1024,1024,1024,"BM=256,BN=128,BK=16,GROUP_M=8;num_warps=8;num_stages=3",0.192512,0
NVIDIA RTX PRO 6000 Blackwell Max-Q Workstation Edition,24049608,2026-09-26T14:59:00-0700,13.0,13.0,torch-2.14.0+cu130+triton-3.8.0,1024,1024,1024,"BM=64,BN=64,BK=64,GROUP_M=8;num_warps=4;num_stages=3",0.071712,0
NVIDIA RTX PRO 6000 Blackwell Max-Q Workstation Edition,24049608,2026-09-26T14:59:00-0700,13.0,13.0,torch-2.14.0+cu130+triton-3.8.0,1024,1024,1024,"BM=128,BN=64,BK=64,GROUP_M=8;num_warps=8;num_stages=3",0.057344,1
NVIDIA RTX PRO 6000 Blackwell Max-Q Workstation Edition,24049608,2026-09-26T14:59:00-0700,13.0,13.0,torch-2.14.0+cu130+triton-3.8.0,1024,1024,1024,"BM=64,BN=256,BK=32,GROUP_M=8;num_warps=8;num_stages=3",0.095936,0
NVIDIA RTX PRO 6000 Blackwell Max-Q Workstation Edition,24049608,2026-09-26T14:59:00-0700,13.0,13.0,torch-2.14.0+cu130+triton-3.8.0,1024,1024,1024,"BM=32,BN=64,BK=32,GROUP_M=8;num_warps=4;num_stages=5",0.067616,0
NVIDIA RTX PRO 6000 Blackwell Max-Q Workstation Edition,24049608,2026-09-26T14:59:00-0700,13.0,13.0,torch-2.14.0+cu130+triton-3.8.0,1536,1536,1536,"BM=128,BN=128,BK=32,GROUP_M=8;num_warps=8;num_stages=3",0.153760,1
NVIDIA RTX PRO 6000 Blackwell Max-Q Workstation Edition,24049608,2026-09-26T14:59:00-0700,13.0,13.0,torch-2.14.0+cu130+triton-3.8.0,1536,1536,1536,"BM=128,BN=128,BK=16,GROUP_M=8;num_warps=8;num_stages=4",0.166048,0
NVIDIA RTX PRO 6000 Blackwell Max-Q Workstation Edition,24049608,2026-09-26T14:59:00-0700,13.0,13.0,torch-2.14.0+cu130+triton-3.8.0,1536,1536,1536,"BM=128,BN=128,BK=32,GROUP_M=8;num_warps=4;num_stages=3",0.223264,0
NVIDIA RTX PRO 6000 Blackwell Max-Q Workstation Edition,24049608,2026-09-26T14:59:00-0700,13.0,13.0,torch-2.14.0+cu130+triton-3.8.0,1536,1536,1536,"BM=128,BN=64,BK=32,GROUP_M=8;num_warps=4;num_stages=4",0.190496,0
NVIDIA RTX PRO 6000 Blackwell Max-Q Workstation Edition,24049608,2026-09-26T14:59:00-0700,13.0,13.0,torch-2.14.0+cu130+triton-3.8.0,1536,1536,1536,"BM=64,BN=128,BK=32,GROUP_M=8;num_warps=4;num_stages=4",0.202784,0
NVIDIA RTX PRO 6000 Blackwell Max-Q Workstation Edition,24049608,2026-09-26T14:59:00-0700,13.0,13.0,torch-2.14.0+cu130+triton-3.8.0,1536,1536,1536,"BM=64,BN=64,BK=32,GROUP_M=8;num_warps=4;num_stages=4",0.215072,0
NVIDIA RTX PRO 6000 Blackwell Max-Q Workstation Edition,24049608,2026-09-26T14:59:00-0700,13.0,13.0,torch-2.14.0+cu130+triton-3.8.0,1536,1536,1536,"BM=128,BN=256,BK=16,GROUP_M=8;num_warps=8;num_stages=3",0.290816,0
NVIDIA RTX PRO 6000 Blackwell Max-Q Workstation Edition,24049608,2026-09-26T14:59:00-0700,13.0,13.0,torch-2.14.0+cu130+triton-3.8.0,1536,1536,1536,"BM=256,BN=128,BK=16,GROUP_M=8;num_warps=8;num_stages=3",0.284672,0
NVIDIA RTX PRO 6000 Blackwell Max-Q Workstation Edition,24049608,2026-09-26T14:59:00-0700,13.0,13.0,torch-2.14.0+cu130+triton-3.8.0,1536,1536,1536,"BM=64,BN=64,BK=64,GROUP_M=8;num_warps=4;num_stages=3",0.204800,0
NVIDIA RTX PRO 6000 Blackwell Max-Q Workstation Edition,24049608,2026-09-26T14:59:00-0700,13.0,13.0,torch-2.14.0+cu130+triton-3.8.0,1536,1536,1536,"BM=128,BN=64,BK=64,GROUP_M=8;num_warps=8;num_stages=3",0.180288,0
NVIDIA RTX PRO 6000 Blackwell Max-Q Workstation Edition,24049608,2026-09-26T14:59:00-0700,13.0,13.0,torch-2.14.0+cu130+triton-3.8.0,1536,1536,1536,"BM=64,BN=256,BK=32,GROUP_M=8;num_warps=8;num_stages=3",0.172096,0
NVIDIA RTX PRO 6000 Blackwell Max-Q Workstation Edition,24049608,2026-09-26T14:59:00-0700,13.0,13.0,torch-2.14.0+cu130+triton-3.8.0,1536,1536,1536,"BM=32,BN=64,BK=32,GROUP_M=8;num_warps=4;num_stages=5",0.229456,0
NVIDIA RTX PRO 6000 Blackwell Max-Q Workstation Edition,24049608,2026-09-26T14:59:00-0700,13.0,13.0,torch-2.14.0+cu130+triton-3.8.0,2048,2048,2048,"BM=128,BN=128,BK=32,GROUP_M=8;num_warps=8;num_stages=3",0.419360,0
NVIDIA RTX PRO 6000 Blackwell Max-Q Workstation Edition,24049608,2026-09-26T14:59:00-0700,13.0,13.0,torch-2.14.0+cu130+triton-3.8.0,2048,2048,2048,"BM=128,BN=128,BK=16,GROUP_M=8;num_warps=8;num_stages=4",0.448192,0
NVIDIA RTX PRO 6000 Blackwell Max-Q Workstation Edition,24049608,2026-09-26T14:59:00-0700,13.0,13.0,torch-2.14.0+cu130+triton-3.8.0,2048,2048,2048,"BM=128,BN=128,BK=32,GROUP_M=8;num_warps=4;num_stages=3",0.531008,0
NVIDIA RTX PRO 6000 Blackwell Max-Q Workstation Edition,24049608,2026-09-26T14:59:00-0700,13.0,13.0,torch-2.14.0+cu130+triton-3.8.0,2048,2048,2048,"BM=128,BN=64,BK=32,GROUP_M=8;num_warps=4;num_stages=4",0.413632,1
NVIDIA RTX PRO 6000 Blackwell Max-Q Workstation Edition,24049608,2026-09-26T14:59:00-0700,13.0,13.0,torch-2.14.0+cu130+triton-3.8.0,2048,2048,2048,"BM=64,BN=128,BK=32,GROUP_M=8;num_warps=4;num_stages=4",0.441408,0
NVIDIA RTX PRO 6000 Blackwell Max-Q Workstation Edition,24049608,2026-09-26T14:59:00-0700,13.0,13.0,torch-2.14.0+cu130+triton-3.8.0,2048,2048,2048,"BM=64,BN=64,BK=32,GROUP_M=8;num_warps=4;num_stages=4",0.460864,0
NVIDIA RTX PRO 6000 Blackwell Max-Q Workstation Edition,24049608,2026-09-26T14:59:00-0700,13.0,13.0,torch-2.14.0+cu130+triton-3.8.0,2048,2048,2048,"BM=128,BN=256,BK=16,GROUP_M=8;num_warps=8;num_stages=3",0.456736,0
NVIDIA RTX PRO 6000 Blackwell Max-Q Workstation Edition,24049608,2026-09-26T14:59:00-0700,13.0,13.0,torch-2.14.0+cu130+triton-3.8.0,2048,2048,2048,"BM=256,BN=128,BK=16,GROUP_M=8;num_warps=8;num_stages=3",0.458672,0
NVIDIA RTX PRO 6000 Blackwell Max-Q Workstation Edition,24049608,2026-09-26T14:59:00-0700,13.0,13.0,torch-2.14.0+cu130+triton-3.8.0,2048,2048,2048,"BM=64,BN=64,BK=64,GROUP_M=8;num_warps=4;num_stages=3",0.461952,0
NVIDIA RTX PRO 6000 Blackwell Max-Q Workstation Edition,24049608,2026-09-26T14:59:00-0700,13.0,13.0,torch-2.14.0+cu130+triton-3.8.0,2048,2048,2048,"BM=128,BN=64,BK=64,GROUP_M=8;num_warps=8;num_stages=3",0.413856,0
NVIDIA RTX PRO 6000 Blackwell Max-Q Workstation Edition,24049608,2026-09-26T14:59:00-0700,13.0,13.0,torch-2.14.0+cu130+triton-3.8.0,2048,2048,2048,"BM=64,BN=256,BK=32,GROUP_M=8;num_warps=8;num_stages=3",0.456736,0
NVIDIA RTX PRO 6000 Blackwell Max-Q Workstation Edition,24049608,2026-09-26T14:59:00-0700,13.0,13.0,torch-2.14.0+cu130+triton-3.8.0,2048,2048,2048,"BM=32,BN=64,BK=32,GROUP_M=8;num_warps=4;num_stages=5",0.526848,0
NVIDIA RTX PRO 6000 Blackwell Max-Q Workstation Edition,24049608,2026-09-26T14:59:00-0700,13.0,13.0,torch-2.14.0+cu130+triton-3.8.0,3000,3000,3000,"BM=128,BN=128,BK=32,GROUP_M=8;num_warps=8;num_stages=3",1.641152,0
NVIDIA RTX PRO 6000 Blackwell Max-Q Workstation Edition,24049608,2026-09-26T14:59:00-0700,13.0,13.0,torch-2.14.0+cu130+triton-3.8.0,3000,3000,3000,"BM=128,BN=128,BK=16,GROUP_M=8;num_warps=8;num_stages=4",1.632832,0
NVIDIA RTX PRO 6000 Blackwell Max-Q Workstation Edition,24049608,2026-09-26T14:59:00-0700,13.0,13.0,torch-2.14.0+cu130+triton-3.8.0,3000,3000,3000,"BM=128,BN=128,BK=32,GROUP_M=8;num_warps=4;num_stages=3",2.840576,0
NVIDIA RTX PRO 6000 Blackwell Max-Q Workstation Edition,24049608,2026-09-26T14:59:00-0700,13.0,13.0,torch-2.14.0+cu130+triton-3.8.0,3000,3000,3000,"BM=128,BN=64,BK=32,GROUP_M=8;num_warps=4;num_stages=4",1.707712,0
NVIDIA RTX PRO 6000 Blackwell Max-Q Workstation Edition,24049608,2026-09-26T14:59:00-0700,13.0,13.0,torch-2.14.0+cu130+triton-3.8.0,3000,3000,3000,"BM=64,BN=128,BK=32,GROUP_M=8;num_warps=4;num_stages=4",1.639136,0
NVIDIA RTX PRO 6000 Blackwell Max-Q Workstation Edition,24049608,2026-09-26T14:59:00-0700,13.0,13.0,torch-2.14.0+cu130+triton-3.8.0,3000,3000,3000,"BM=64,BN=64,BK=32,GROUP_M=8;num_warps=4;num_stages=4",1.691056,0
NVIDIA RTX PRO 6000 Blackwell Max-Q Workstation Edition,24049608,2026-09-26T14:59:00-0700,13.0,13.0,torch-2.14.0+cu130+triton-3.8.0,3000,3000,3000,"BM=128,BN=256,BK=16,GROUP_M=8;num_warps=8;num_stages=3",1.745920,0
NVIDIA RTX PRO 6000 Blackwell Max-Q Workstation Edition,24049608,2026-09-26T14:59:00-0700,13.0,13.0,torch-2.14.0+cu130+triton-3.8.0,3000,3000,3000,"BM=256,BN=128,BK=16,GROUP_M=8;num_warps=8;num_stages=3",2.394816,0
NVIDIA RTX PRO 6000 Blackwell Max-Q Workstation Edition,24049608,2026-09-26T14:59:00-0700,13.0,13.0,torch-2.14.0+cu130+triton-3.8.0,3000,3000,3000,"BM=64,BN=64,BK=64,GROUP_M=8;num_warps=4;num_stages=3",2.202288,0
NVIDIA RTX PRO 6000 Blackwell Max-Q Workstation Edition,24049608,2026-09-26T14:59:00-0700,13.0,13.0,torch-2.14.0+cu130+triton-3.8.0,3000,3000,3000,"BM=128,BN=64,BK=64,GROUP_M=8;num_warps=8;num_stages=3",1.540736,0
NVIDIA RTX PRO 6000 Blackwell Max-Q Workstation Edition,24049608,2026-09-26T14:59:00-0700,13.0,13.0,torch-2.14.0+cu130+triton-3.8.0,3000,3000,3000,"BM=64,BN=256,BK=32,GROUP_M=8;num_warps=8;num_stages=3",1.380096,1
NVIDIA RTX PRO 6000 Blackwell Max-Q Workstation Edition,24049608,2026-09-26T14:59:00-0700,13.0,13.0,torch-2.14.0+cu130+triton-3.8.0,3000,3000,3000,"BM=32,BN=64,BK=32,GROUP_M=8;num_warps=4;num_stages=5",2.059008,0
NVIDIA RTX PRO 6000 Blackwell Max-Q Workstation Edition,24049608,2026-09-26T14:59:00-0700,13.0,13.0,torch-2.14.0+cu130+triton-3.8.0,4096,4096,4096,"BM=128,BN=128,BK=32,GROUP_M=8;num_warps=8;num_stages=3",2.757648,1
NVIDIA RTX PRO 6000 Blackwell Max-Q Workstation Edition,24049608,2026-09-26T14:59:00-0700,13.0,13.0,torch-2.14.0+cu130+triton-3.8.0,4096,4096,4096,"BM=128,BN=128,BK=16,GROUP_M=8;num_warps=8;num_stages=4",3.121888,0
NVIDIA RTX PRO 6000 Blackwell Max-Q Workstation Edition,24049608,2026-09-26T14:59:00-0700,13.0,13.0,torch-2.14.0+cu130+triton-3.8.0,4096,4096,4096,"BM=128,BN=128,BK=32,GROUP_M=8;num_warps=4;num_stages=3",3.621728,0
NVIDIA RTX PRO 6000 Blackwell Max-Q Workstation Edition,24049608,2026-09-26T14:59:00-0700,13.0,13.0,torch-2.14.0+cu130+triton-3.8.0,4096,4096,4096,"BM=128,BN=64,BK=32,GROUP_M=8;num_warps=4;num_stages=4",3.274784,0
NVIDIA RTX PRO 6000 Blackwell Max-Q Workstation Edition,24049608,2026-09-26T14:59:00-0700,13.0,13.0,torch-2.14.0+cu130+triton-3.8.0,4096,4096,4096,"BM=64,BN=128,BK=32,GROUP_M=8;num_warps=4;num_stages=4",3.388160,0
NVIDIA RTX PRO 6000 Blackwell Max-Q Workstation Edition,24049608,2026-09-26T14:59:00-0700,13.0,13.0,torch-2.14.0+cu130+triton-3.8.0,4096,4096,4096,"BM=64,BN=64,BK=32,GROUP_M=8;num_warps=4;num_stages=4",3.579600,0
NVIDIA RTX PRO 6000 Blackwell Max-Q Workstation Edition,24049608,2026-09-26T14:59:00-0700,13.0,13.0,torch-2.14.0+cu130+triton-3.8.0,4096,4096,4096,"BM=128,BN=256,BK=16,GROUP_M=8;num_warps=8;num_stages=3",3.124256,0
NVIDIA RTX PRO 6000 Blackwell Max-Q Workstation Edition,24049608,2026-09-26T14:59:00-0700,13.0,13.0,torch-2.14.0+cu130+triton-3.8.0,4096,4096,4096,"BM=256,BN=128,BK=16,GROUP_M=8;num_warps=8;num_stages=3",3.153216,0
NVIDIA RTX PRO 6000 Blackwell Max-Q Workstation Edition,24049608,2026-09-26T14:59:00-0700,13.0,13.0,torch-2.14.0+cu130+triton-3.8.0,4096,4096,4096,"BM=64,BN=64,BK=64,GROUP_M=8;num_warps=4;num_stages=3",3.542784,0
NVIDIA RTX PRO 6000 Blackwell Max-Q Workstation Edition,24049608,2026-09-26T14:59:00-0700,13.0,13.0,torch-2.14.0+cu130+triton-3.8.0,4096,4096,4096,"BM=128,BN=64,BK=64,GROUP_M=8;num_warps=8;num_stages=3",3.280896,0
NVIDIA RTX PRO 6000 Blackwell Max-Q Workstation Edition,24049608,2026-09-26T14:59:00-0700,13.0,13.0,torch-2.14.0+cu130+triton-3.8.0,4096,4096,4096,"BM=64,BN=256,BK=32,GROUP_M=8;num_warps=8;num_stages=3",3.132256,0
NVIDIA RTX PRO 6000 Blackwell Max-Q Workstation Edition,24049608,2026-09-26T14:59:00-0700,13.0,13.0,torch-2.14.0+cu130+triton-3.8.0,4096,4096,4096,"BM=32,BN=64,BK=32,GROUP_M=8;num_warps=4;num_stages=5",4.141152,0
NVIDIA RTX PRO 6000 Blackwell Max-Q Workstation Edition,24049608,2026-09-26T14:59:00-0700,13.0,13.0,torch-2.14.0+cu130+triton-3.8.0,4097,4097,4097,"BM=128,BN=128,BK=32,GROUP_M=8;num_warps=8;num_stages=3",3.539552,1
NVIDIA RTX PRO 6000 Blackwell Max-Q Workstation Edition,24049608,2026-09-26T14:59:00-0700,13.0,13.0,torch-2.14.0+cu130+triton-3.8.0,4097,4097,4097,"BM=128,BN=128,BK=16,GROUP_M=8;num_warps=8;num_stages=4",3.789536,0
NVIDIA RTX PRO 6000 Blackwell Max-Q Workstation Edition,24049608,2026-09-26T14:59:00-0700,13.0,13.0,torch-2.14.0+cu130+triton-3.8.0,4097,4097,4097,"BM=128,BN=128,BK=32,GROUP_M=8;num_warps=4;num_stages=3",6.507584,0
NVIDIA RTX PRO 6000 Blackwell Max-Q Workstation Edition,24049608,2026-09-26T14:59:00-0700,13.0,13.0,torch-2.14.0+cu130+triton-3.8.0,4097,4097,4097,"BM=128,BN=64,BK=32,GROUP_M=8;num_warps=4;num_stages=4",4.656928,0
NVIDIA RTX PRO 6000 Blackwell Max-Q Workstation Edition,24049608,2026-09-26T14:59:00-0700,13.0,13.0,torch-2.14.0+cu130+triton-3.8.0,4097,4097,4097,"BM=64,BN=128,BK=32,GROUP_M=8;num_warps=4;num_stages=4",4.442144,0
NVIDIA RTX PRO 6000 Blackwell Max-Q Workstation Edition,24049608,2026-09-26T14:59:00-0700,13.0,13.0,torch-2.14.0+cu130+triton-3.8.0,4097,4097,4097,"BM=64,BN=64,BK=32,GROUP_M=8;num_warps=4;num_stages=4",4.542144,0
NVIDIA RTX PRO 6000 Blackwell Max-Q Workstation Edition,24049608,2026-09-26T14:59:00-0700,13.0,13.0,torch-2.14.0+cu130+triton-3.8.0,4097,4097,4097,"BM=128,BN=256,BK=16,GROUP_M=8;num_warps=8;num_stages=3",4.089856,0
NVIDIA RTX PRO 6000 Blackwell Max-Q Workstation Edition,24049608,2026-09-26T14:59:00-0700,13.0,13.0,torch-2.14.0+cu130+triton-3.8.0,4097,4097,4097,"BM=256,BN=128,BK=16,GROUP_M=8;num_warps=8;num_stages=3",5.717056,0
NVIDIA RTX PRO 6000 Blackwell Max-Q Workstation Edition,24049608,2026-09-26T14:59:00-0700,13.0,13.0,torch-2.14.0+cu130+triton-3.8.0,4097,4097,4097,"BM=64,BN=64,BK=64,GROUP_M=8;num_warps=4;num_stages=3",5.833728,0
NVIDIA RTX PRO 6000 Blackwell Max-Q Workstation Edition,24049608,2026-09-26T14:59:00-0700,13.0,13.0,torch-2.14.0+cu130+triton-3.8.0,4097,4097,4097,"BM=128,BN=64,BK=64,GROUP_M=8;num_warps=8;num_stages=3",4.169440,0
NVIDIA RTX PRO 6000 Blackwell Max-Q Workstation Edition,24049608,2026-09-26T14:59:00-0700,13.0,13.0,torch-2.14.0+cu130+triton-3.8.0,4097,4097,4097,"BM=64,BN=256,BK=32,GROUP_M=8;num_warps=8;num_stages=3",3.733536,0
NVIDIA RTX PRO 6000 Blackwell Max-Q Workstation Edition,24049608,2026-09-26T14:59:00-0700,13.0,13.0,torch-2.14.0+cu130+triton-3.8.0,4097,4097,4097,"BM=32,BN=64,BK=32,GROUP_M=8;num_warps=4;num_stages=5",5.470912,0
NVIDIA RTX PRO 6000 Blackwell Max-Q Workstation Edition,24049608,2026-09-26T14:59:00-0700,13.0,13.0,torch-2.14.0+cu130+triton-3.8.0,6144,6144,6144,"BM=128,BN=128,BK=32,GROUP_M=8;num_warps=8;num_stages=3",9.725952,1
NVIDIA RTX PRO 6000 Blackwell Max-Q Workstation Edition,24049608,2026-09-26T14:59:00-0700,13.0,13.0,torch-2.14.0+cu130+triton-3.8.0,6144,6144,6144,"BM=128,BN=128,BK=16,GROUP_M=8;num_warps=8;num_stages=4",10.591232,0
NVIDIA RTX PRO 6000 Blackwell Max-Q Workstation Edition,24049608,2026-09-26T14:59:00-0700,13.0,13.0,torch-2.14.0+cu130+triton-3.8.0,6144,6144,6144,"BM=128,BN=128,BK=32,GROUP_M=8;num_warps=4;num_stages=3",12.167696,0
NVIDIA RTX PRO 6000 Blackwell Max-Q Workstation Edition,24049608,2026-09-26T14:59:00-0700,13.0,13.0,torch-2.14.0+cu130+triton-3.8.0,6144,6144,6144,"BM=128,BN=64,BK=32,GROUP_M=8;num_warps=4;num_stages=4",11.410432,0
NVIDIA RTX PRO 6000 Blackwell Max-Q Workstation Edition,24049608,2026-09-26T14:59:00-0700,13.0,13.0,torch-2.14.0+cu130+triton-3.8.0,6144,6144,6144,"BM=64,BN=128,BK=32,GROUP_M=8;num_warps=4;num_stages=4",11.845152,0
NVIDIA RTX PRO 6000 Blackwell Max-Q Workstation Edition,24049608,2026-09-26T14:59:00-0700,13.0,13.0,torch-2.14.0+cu130+triton-3.8.0,6144,6144,6144,"BM=64,BN=64,BK=32,GROUP_M=8;num_warps=4;num_stages=4",12.855296,0
NVIDIA RTX PRO 6000 Blackwell Max-Q Workstation Edition,24049608,2026-09-26T14:59:00-0700,13.0,13.0,torch-2.14.0+cu130+triton-3.8.0,6144,6144,6144,"BM=128,BN=256,BK=16,GROUP_M=8;num_warps=8;num_stages=3",10.890240,0
NVIDIA RTX PRO 6000 Blackwell Max-Q Workstation Edition,24049608,2026-09-26T14:59:00-0700,13.0,13.0,torch-2.14.0+cu130+triton-3.8.0,6144,6144,6144,"BM=256,BN=128,BK=16,GROUP_M=8;num_warps=8;num_stages=3",10.829824,0
NVIDIA RTX PRO 6000 Blackwell Max-Q Workstation Edition,24049608,2026-09-26T14:59:00-0700,13.0,13.0,torch-2.14.0+cu130+triton-3.8.0,6144,6144,6144,"BM=64,BN=64,BK=64,GROUP_M=8;num_warps=4;num_stages=3",12.820480,0
NVIDIA RTX PRO 6000 Blackwell Max-Q Workstation Edition,24049608,2026-09-26T14:59:00-0700,13.0,13.0,torch-2.14.0+cu130+triton-3.8.0,6144,6144,6144,"BM=128,BN=64,BK=64,GROUP_M=8;num_warps=8;num_stages=3",11.443200,0
NVIDIA RTX PRO 6000 Blackwell Max-Q Workstation Edition,24049608,2026-09-26T14:59:00-0700,13.0,13.0,torch-2.14.0+cu130+triton-3.8.0,6144,6144,6144,"BM=64,BN=256,BK=32,GROUP_M=8;num_warps=8;num_stages=3",10.919440,0
NVIDIA RTX PRO 6000 Blackwell Max-Q Workstation Edition,24049608,2026-09-26T14:59:00-0700,13.0,13.0,torch-2.14.0+cu130+triton-3.8.0,6144,6144,6144,"BM=32,BN=64,BK=32,GROUP_M=8;num_warps=4;num_stages=5",15.741472,0
NVIDIA RTX PRO 6000 Blackwell Max-Q Workstation Edition,24049608,2026-09-26T14:59:00-0700,13.0,13.0,torch-2.14.0+cu130+triton-3.8.0,8192,8192,8192,"BM=128,BN=128,BK=32,GROUP_M=8;num_warps=8;num_stages=3",23.753744,1
NVIDIA RTX PRO 6000 Blackwell Max-Q Workstation Edition,24049608,2026-09-26T14:59:00-0700,13.0,13.0,torch-2.14.0+cu130+triton-3.8.0,8192,8192,8192,"BM=128,BN=128,BK=16,GROUP_M=8;num_warps=8;num_stages=4",25.146368,0
NVIDIA RTX PRO 6000 Blackwell Max-Q Workstation Edition,24049608,2026-09-26T14:59:00-0700,13.0,13.0,torch-2.14.0+cu130+triton-3.8.0,8192,8192,8192,"BM=128,BN=128,BK=32,GROUP_M=8;num_warps=4;num_stages=3",28.512257,0
NVIDIA RTX PRO 6000 Blackwell Max-Q Workstation Edition,24049608,2026-09-26T14:59:00-0700,13.0,13.0,torch-2.14.0+cu130+triton-3.8.0,8192,8192,8192,"BM=128,BN=64,BK=32,GROUP_M=8;num_warps=4;num_stages=4",26.958849,0
NVIDIA RTX PRO 6000 Blackwell Max-Q Workstation Edition,24049608,2026-09-26T14:59:00-0700,13.0,13.0,torch-2.14.0+cu130+triton-3.8.0,8192,8192,8192,"BM=64,BN=128,BK=32,GROUP_M=8;num_warps=4;num_stages=4",28.027905,0
NVIDIA RTX PRO 6000 Blackwell Max-Q Workstation Edition,24049608,2026-09-26T14:59:00-0700,13.0,13.0,torch-2.14.0+cu130+triton-3.8.0,8192,8192,8192,"BM=64,BN=64,BK=32,GROUP_M=8;num_warps=4;num_stages=4",30.510113,0
NVIDIA RTX PRO 6000 Blackwell Max-Q Workstation Edition,24049608,2026-09-26T14:59:00-0700,13.0,13.0,torch-2.14.0+cu130+triton-3.8.0,8192,8192,8192,"BM=128,BN=256,BK=16,GROUP_M=8;num_warps=8;num_stages=3",24.653824,0
NVIDIA RTX PRO 6000 Blackwell Max-Q Workstation Edition,24049608,2026-09-26T14:59:00-0700,13.0,13.0,torch-2.14.0+cu130+triton-3.8.0,8192,8192,8192,"BM=256,BN=128,BK=16,GROUP_M=8;num_warps=8;num_stages=3",24.489488,0
NVIDIA RTX PRO 6000 Blackwell Max-Q Workstation Edition,24049608,2026-09-26T14:59:00-0700,13.0,13.0,torch-2.14.0+cu130+triton-3.8.0,8192,8192,8192,"BM=64,BN=64,BK=64,GROUP_M=8;num_warps=4;num_stages=3",30.221344,0
NVIDIA RTX PRO 6000 Blackwell Max-Q Workstation Edition,24049608,2026-09-26T14:59:00-0700,13.0,13.0,torch-2.14.0+cu130+triton-3.8.0,8192,8192,8192,"BM=128,BN=64,BK=64,GROUP_M=8;num_warps=8;num_stages=3",26.854401,0
NVIDIA RTX PRO 6000 Blackwell Max-Q Workstation Edition,24049608,2026-09-26T14:59:00-0700,13.0,13.0,torch-2.14.0+cu130+triton-3.8.0,8192,8192,8192,"BM=64,BN=256,BK=32,GROUP_M=8;num_warps=8;num_stages=3",25.649153,0
NVIDIA RTX PRO 6000 Blackwell Max-Q Workstation Edition,24049608,2026-09-26T14:59:00-0700,13.0,13.0,torch-2.14.0+cu130+triton-3.8.0,8192,8192,8192,"BM=32,BN=64,BK=32,GROUP_M=8;num_warps=4;num_stages=5",37.576719,0
NVIDIA RTX PRO 6000 Blackwell Max-Q Workstation Edition,24049608,2026-09-26T14:59:00-0700,13.0,13.0,torch-2.14.0+cu130+triton-3.8.0,777,1111,333,"BM=128,BN=128,BK=32,GROUP_M=8;num_warps=8;num_stages=3",0.054976,0
NVIDIA RTX PRO 6000 Blackwell Max-Q Workstation Edition,24049608,2026-09-26T14:59:00-0700,13.0,13.0,torch-2.14.0+cu130+triton-3.8.0,777,1111,333,"BM=128,BN=128,BK=16,GROUP_M=8;num_warps=8;num_stages=4",0.045056,0
NVIDIA RTX PRO 6000 Blackwell Max-Q Workstation Edition,24049608,2026-09-26T14:59:00-0700,13.0,13.0,torch-2.14.0+cu130+triton-3.8.0,777,1111,333,"BM=128,BN=128,BK=32,GROUP_M=8;num_warps=4;num_stages=3",0.096384,0
NVIDIA RTX PRO 6000 Blackwell Max-Q Workstation Edition,24049608,2026-09-26T14:59:00-0700,13.0,13.0,torch-2.14.0+cu130+triton-3.8.0,777,1111,333,"BM=128,BN=64,BK=32,GROUP_M=8;num_warps=4;num_stages=4",0.036480,0
NVIDIA RTX PRO 6000 Blackwell Max-Q Workstation Edition,24049608,2026-09-26T14:59:00-0700,13.0,13.0,torch-2.14.0+cu130+triton-3.8.0,777,1111,333,"BM=64,BN=128,BK=32,GROUP_M=8;num_warps=4;num_stages=4",0.034496,0
NVIDIA RTX PRO 6000 Blackwell Max-Q Workstation Edition,24049608,2026-09-26T14:59:00-0700,13.0,13.0,torch-2.14.0+cu130+triton-3.8.0,777,1111,333,"BM=64,BN=64,BK=32,GROUP_M=8;num_warps=4;num_stages=4",0.030864,1
NVIDIA RTX PRO 6000 Blackwell Max-Q Workstation Edition,24049608,2026-09-26T14:59:00-0700,13.0,13.0,torch-2.14.0+cu130+triton-3.8.0,777,1111,333,"BM=128,BN=256,BK=16,GROUP_M=8;num_warps=8;num_stages=3",0.092288,0
NVIDIA RTX PRO 6000 Blackwell Max-Q Workstation Edition,24049608,2026-09-26T14:59:00-0700,13.0,13.0,torch-2.14.0+cu130+triton-3.8.0,777,1111,333,"BM=256,BN=128,BK=16,GROUP_M=8;num_warps=8;num_stages=3",0.124928,0
NVIDIA RTX PRO 6000 Blackwell Max-Q Workstation Edition,24049608,2026-09-26T14:59:00-0700,13.0,13.0,torch-2.14.0+cu130+triton-3.8.0,777,1111,333,"BM=64,BN=64,BK=64,GROUP_M=8;num_warps=4;num_stages=3",0.051168,0
NVIDIA RTX PRO 6000 Blackwell Max-Q Workstation Edition,24049608,2026-09-26T14:59:00-0700,13.0,13.0,torch-2.14.0+cu130+triton-3.8.0,777,1111,333,"BM=128,BN=64,BK=64,GROUP_M=8;num_warps=8;num_stages=3",0.034816,0
NVIDIA RTX PRO 6000 Blackwell Max-Q Workstation Edition,24049608,2026-09-26T14:59:00-0700,13.0,13.0,torch-2.14.0+cu130+triton-3.8.0,777,1111,333,"BM=64,BN=256,BK=32,GROUP_M=8;num_warps=8;num_stages=3",0.049152,0
NVIDIA RTX PRO 6000 Blackwell Max-Q Workstation Edition,24049608,2026-09-26T14:59:00-0700,13.0,13.0,torch-2.14.0+cu130+triton-3.8.0,777,1111,333,"BM=32,BN=64,BK=32,GROUP_M=8;num_warps=4;num_stages=5",0.039968,0
NVIDIA RTX PRO 6000 Blackwell Max-Q Workstation Edition,24049608,2026-09-26T14:59:00-0700,13.0,13.0,torch-2.14.0+cu130+triton-3.8.0,1000,3000,2000,"BM=128,BN=128,BK=32,GROUP_M=8;num_warps=8;num_stages=3",0.446464,0
NVIDIA RTX PRO 6000 Blackwell Max-Q Workstation Edition,24049608,2026-09-26T14:59:00-0700,13.0,13.0,torch-2.14.0+cu130+triton-3.8.0,1000,3000,2000,"BM=128,BN=128,BK=16,GROUP_M=8;num_warps=8;num_stages=4",0.452288,0
NVIDIA RTX PRO 6000 Blackwell Max-Q Workstation Edition,24049608,2026-09-26T14:59:00-0700,13.0,13.0,torch-2.14.0+cu130+triton-3.8.0,1000,3000,2000,"BM=128,BN=128,BK=32,GROUP_M=8;num_warps=4;num_stages=3",0.556032,0
NVIDIA RTX PRO 6000 Blackwell Max-Q Workstation Edition,24049608,2026-09-26T14:59:00-0700,13.0,13.0,torch-2.14.0+cu130+triton-3.8.0,1000,3000,2000,"BM=128,BN=64,BK=32,GROUP_M=8;num_warps=4;num_stages=4",0.306912,0
NVIDIA RTX PRO 6000 Blackwell Max-Q Workstation Edition,24049608,2026-09-26T14:59:00-0700,13.0,13.0,torch-2.14.0+cu130+triton-3.8.0,1000,3000,2000,"BM=64,BN=128,BK=32,GROUP_M=8;num_warps=4;num_stages=4",0.394944,0
NVIDIA RTX PRO 6000 Blackwell Max-Q Workstation Edition,24049608,2026-09-26T14:59:00-0700,13.0,13.0,torch-2.14.0+cu130+triton-3.8.0,1000,3000,2000,"BM=64,BN=64,BK=32,GROUP_M=8;num_warps=4;num_stages=4",0.291008,0
NVIDIA RTX PRO 6000 Blackwell Max-Q Workstation Edition,24049608,2026-09-26T14:59:00-0700,13.0,13.0,torch-2.14.0+cu130+triton-3.8.0,1000,3000,2000,"BM=128,BN=256,BK=16,GROUP_M=8;num_warps=8;num_stages=3",0.405472,0
NVIDIA RTX PRO 6000 Blackwell Max-Q Workstation Edition,24049608,2026-09-26T14:59:00-0700,13.0,13.0,torch-2.14.0+cu130+triton-3.8.0,1000,3000,2000,"BM=256,BN=128,BK=16,GROUP_M=8;num_warps=8;num_stages=3",0.423360,0
NVIDIA RTX PRO 6000 Blackwell Max-Q Workstation Edition,24049608,2026-09-26T14:59:00-0700,13.0,13.0,torch-2.14.0+cu130+triton-3.8.0,1000,3000,2000,"BM=64,BN=64,BK=64,GROUP_M=8;num_warps=4;num_stages=3",0.327296,0
NVIDIA RTX PRO 6000 Blackwell Max-Q Workstation Edition,24049608,2026-09-26T14:59:00-0700,13.0,13.0,torch-2.14.0+cu130+triton-3.8.0,1000,3000,2000,"BM=128,BN=64,BK=64,GROUP_M=8;num_warps=8;num_stages=3",0.286912,1
NVIDIA RTX PRO 6000 Blackwell Max-Q Workstation Edition,24049608,2026-09-26T14:59:00-0700,13.0,13.0,torch-2.14.0+cu130+triton-3.8.0,1000,3000,2000,"BM=64,BN=256,BK=32,GROUP_M=8;num_warps=8;num_stages=3",0.468992,0
NVIDIA RTX PRO 6000 Blackwell Max-Q Workstation Edition,24049608,2026-09-26T14:59:00-0700,13.0,13.0,torch-2.14.0+cu130+triton-3.8.0,1000,3000,2000,"BM=32,BN=64,BK=32,GROUP_M=8;num_warps=4;num_stages=5",0.385056,0
NVIDIA RTX PRO 6000 Blackwell Max-Q Workstation Edition,24049608,2026-09-26T14:59:00-0700,13.0,13.0,torch-2.14.0+cu130+triton-3.8.0,4096,4096,1000,"BM=128,BN=128,BK=32,GROUP_M=8;num_warps=8;num_stages=3",0.766656,1
NVIDIA RTX PRO 6000 Blackwell Max-Q Workstation Edition,24049608,2026-09-26T14:59:00-0700,13.0,13.0,torch-2.14.0+cu130+triton-3.8.0,4096,4096,1000,"BM=128,BN=128,BK=16,GROUP_M=8;num_warps=8;num_stages=4",0.769040,0
NVIDIA RTX PRO 6000 Blackwell Max-Q Workstation Edition,24049608,2026-09-26T14:59:00-0700,13.0,13.0,torch-2.14.0+cu130+triton-3.8.0,4096,4096,1000,"BM=128,BN=128,BK=32,GROUP_M=8;num_warps=4;num_stages=3",1.331904,0
NVIDIA RTX PRO 6000 Blackwell Max-Q Workstation Edition,24049608,2026-09-26T14:59:00-0700,13.0,13.0,torch-2.14.0+cu130+triton-3.8.0,4096,4096,1000,"BM=128,BN=64,BK=32,GROUP_M=8;num_warps=4;num_stages=4",0.940064,0
NVIDIA RTX PRO 6000 Blackwell Max-Q Workstation Edition,24049608,2026-09-26T14:59:00-0700,13.0,13.0,torch-2.14.0+cu130+triton-3.8.0,4096,4096,1000,"BM=64,BN=128,BK=32,GROUP_M=8;num_warps=4;num_stages=4",0.797440,0
NVIDIA RTX PRO 6000 Blackwell Max-Q Workstation Edition,24049608,2026-09-26T14:59:00-0700,13.0,13.0,torch-2.14.0+cu130+triton-3.8.0,4096,4096,1000,"BM=64,BN=64,BK=32,GROUP_M=8;num_warps=4;num_stages=4",0.906944,0
NVIDIA RTX PRO 6000 Blackwell Max-Q Workstation Edition,24049608,2026-09-26T14:59:00-0700,13.0,13.0,torch-2.14.0+cu130+triton-3.8.0,4096,4096,1000,"BM=128,BN=256,BK=16,GROUP_M=8;num_warps=8;num_stages=3",0.829152,0
NVIDIA RTX PRO 6000 Blackwell Max-Q Workstation Edition,24049608,2026-09-26T14:59:00-0700,13.0,13.0,torch-2.14.0+cu130+triton-3.8.0,4096,4096,1000,"BM=256,BN=128,BK=16,GROUP_M=8;num_warps=8;num_stages=3",1.050304,0
NVIDIA RTX PRO 6000 Blackwell Max-Q Workstation Edition,24049608,2026-09-26T14:59:00-0700,13.0,13.0,torch-2.14.0+cu130+triton-3.8.0,4096,4096,1000,"BM=64,BN=64,BK=64,GROUP_M=8;num_warps=4;num_stages=3",0.951328,0
NVIDIA RTX PRO 6000 Blackwell Max-Q Workstation Edition,24049608,2026-09-26T14:59:00-0700,13.0,13.0,torch-2.14.0+cu130+triton-3.8.0,4096,4096,1000,"BM=128,BN=64,BK=64,GROUP_M=8;num_warps=8;num_stages=3",0.798752,0
NVIDIA RTX PRO 6000 Blackwell Max-Q Workstation Edition,24049608,2026-09-26T14:59:00-0700,13.0,13.0,torch-2.14.0+cu130+triton-3.8.0,4096,4096,1000,"BM=64,BN=256,BK=32,GROUP_M=8;num_warps=8;num_stages=3",0.767536,0
NVIDIA RTX PRO 6000 Blackwell Max-Q Workstation Edition,24049608,2026-09-26T14:59:00-0700,13.0,13.0,torch-2.14.0+cu130+triton-3.8.0,4096,4096,1000,"BM=32,BN=64,BK=32,GROUP_M=8;num_warps=4;num_stages=5",0.957968,0
