gpu,job_id,date,cuda_runtime,cuda_driver,build_type,kernel,variant,n,bytes,flops,grid,block,regs,local_bytes,smem_bytes,l2_flush,warmup,reps,median_ms,min_ms,stddev_ms,metric_value,metric_unit,launch_bound,M,N,K,blocks_per_sm,label
NVIDIA RTX PRO 6000 Blackwell Max-Q Workstation Edition,24049608,2026-09-26T14:59:00-0700,13.0,13.0,torch-2.14.0+cu130+triton-3.8.0,triton_matmul_fixed,"BM=128,BN=128,BK=32,GROUP_M=8;num_warps=8;num_stages=1",4096,201326592,137438953472,1024,256,224,0,32768,0,10,100,3.440640,3.426304,0.009449,39945.8,GFLOP/s,0,4096,4096,4096,1,triton_fixed_4096x4096x4096_128x128x32_w8_s1
NVIDIA RTX PRO 6000 Blackwell Max-Q Workstation Edition,24049608,2026-09-26T14:59:00-0700,13.0,13.0,torch-2.14.0+cu130+triton-3.8.0,triton_matmul_fixed,"BM=128,BN=128,BK=32,GROUP_M=8;num_warps=8;num_stages=2",4096,201326592,137438953472,1024,256,220,0,32768,0,10,100,3.241984,3.231744,0.008895,42393.5,GFLOP/s,0,4096,4096,4096,1,triton_fixed_4096x4096x4096_128x128x32_w8_s2
NVIDIA RTX PRO 6000 Blackwell Max-Q Workstation Edition,24049608,2026-09-26T14:59:00-0700,13.0,13.0,torch-2.14.0+cu130+triton-3.8.0,triton_matmul_fixed,"BM=128,BN=128,BK=32,GROUP_M=8;num_warps=8;num_stages=3",4096,201326592,137438953472,1024,256,220,0,65536,0,10,100,3.018752,2.996224,0.017235,45528.4,GFLOP/s,0,4096,4096,4096,1,triton_fixed_4096x4096x4096_128x128x32_w8_s3
NVIDIA RTX PRO 6000 Blackwell Max-Q Workstation Edition,24049608,2026-09-26T14:59:00-0700,13.0,13.0,torch-2.14.0+cu130+triton-3.8.0,triton_matmul_fixed,"BM=128,BN=128,BK=32,GROUP_M=8;num_warps=8;num_stages=4",4096,201326592,137438953472,1024,256,220,0,98304,0,10,100,3.024896,3.008512,0.014788,45435.9,GFLOP/s,0,4096,4096,4096,1,triton_fixed_4096x4096x4096_128x128x32_w8_s4
NVIDIA RTX PRO 6000 Blackwell Max-Q Workstation Edition,24049608,2026-09-26T14:59:00-0700,13.0,13.0,torch-2.14.0+cu130+triton-3.8.0,triton_matmul_fixed,"BM=128,BN=128,BK=16,GROUP_M=8;num_warps=8;num_stages=1",4096,201326592,137438953472,1024,256,196,0,16384,0,10,100,3.673600,3.662848,0.009968,37412.6,GFLOP/s,0,4096,4096,4096,1,triton_fixed_4096x4096x4096_128x128x16_w8_s1
NVIDIA RTX PRO 6000 Blackwell Max-Q Workstation Edition,24049608,2026-09-26T14:59:00-0700,13.0,13.0,torch-2.14.0+cu130+triton-3.8.0,triton_matmul_fixed,"BM=128,BN=128,BK=16,GROUP_M=8;num_warps=8;num_stages=3",4096,201326592,137438953472,1024,256,214,0,32768,0,10,100,3.158016,3.143680,0.009970,43520.7,GFLOP/s,0,4096,4096,4096,1,triton_fixed_4096x4096x4096_128x128x16_w8_s3
NVIDIA RTX PRO 6000 Blackwell Max-Q Workstation Edition,24049608,2026-09-26T14:59:00-0700,13.0,13.0,torch-2.14.0+cu130+triton-3.8.0,triton_matmul_fixed,"BM=128,BN=128,BK=32,GROUP_M=8;num_warps=4;num_stages=3",4096,201326592,137438953472,1024,128,255,42,65536,0,10,100,3.591168,3.579904,0.015252,38271.4,GFLOP/s,0,4096,4096,4096,1,triton_fixed_4096x4096x4096_128x128x32_w4_s3
NVIDIA RTX PRO 6000 Blackwell Max-Q Workstation Edition,24049608,2026-09-26T14:59:00-0700,13.0,13.0,torch-2.14.0+cu130+triton-3.8.0,triton_matmul_fixed,"BM=64,BN=64,BK=32,GROUP_M=8;num_warps=4;num_stages=3",4096,201326592,137438953472,4096,128,96,4,32768,0,10,100,3.443728,3.418112,0.023577,39909.9,GFLOP/s,0,4096,4096,4096,3,triton_fixed_4096x4096x4096_64x64x32_w4_s3
NVIDIA RTX PRO 6000 Blackwell Max-Q Workstation Edition,24049608,2026-09-26T14:59:00-0700,13.0,13.0,torch-2.14.0+cu130+triton-3.8.0,triton_matmul_fixed,"BM=128,BN=64,BK=32,GROUP_M=8;num_warps=4;num_stages=4",4096,201326592,137438953472,2048,128,238,0,73728,0,10,100,3.222064,3.203136,0.010793,42655.6,GFLOP/s,0,4096,4096,4096,1,triton_fixed_4096x4096x4096_128x64x32_w4_s4
NVIDIA RTX PRO 6000 Blackwell Max-Q Workstation Edition,24049608,2026-09-26T14:59:00-0700,13.0,13.0,torch-2.14.0+cu130+triton-3.8.0,triton_matmul_fixed,"BM=128,BN=128,BK=32,GROUP_M=8;num_warps=8;num_stages=1",4097,201424908,137539641346,1089,256,254,0,32768,0,10,100,3.657776,3.649568,0.006088,37602.0,GFLOP/s,0,4097,4097,4097,1,triton_fixed_4097x4097x4097_128x128x32_w8_s1
NVIDIA RTX PRO 6000 Blackwell Max-Q Workstation Edition,24049608,2026-09-26T14:59:00-0700,13.0,13.0,torch-2.14.0+cu130+triton-3.8.0,triton_matmul_fixed,"BM=128,BN=128,BK=32,GROUP_M=8;num_warps=8;num_stages=2",4097,201424908,137539641346,1089,256,255,4,32768,0,10,100,3.852320,3.844128,0.005833,35703.1,GFLOP/s,0,4097,4097,4097,1,triton_fixed_4097x4097x4097_128x128x32_w8_s2
NVIDIA RTX PRO 6000 Blackwell Max-Q Workstation Edition,24049608,2026-09-26T14:59:00-0700,13.0,13.0,torch-2.14.0+cu130+triton-3.8.0,triton_matmul_fixed,"BM=128,BN=128,BK=32,GROUP_M=8;num_warps=8;num_stages=3",4097,201424908,137539641346,1089,256,255,6,65536,0,10,100,3.868704,3.858464,0.005536,35551.9,GFLOP/s,0,4097,4097,4097,1,triton_fixed_4097x4097x4097_128x128x32_w8_s3
NVIDIA RTX PRO 6000 Blackwell Max-Q Workstation Edition,24049608,2026-09-26T14:59:00-0700,13.0,13.0,torch-2.14.0+cu130+triton-3.8.0,triton_matmul_fixed,"BM=128,BN=128,BK=32,GROUP_M=8;num_warps=8;num_stages=4",4097,201424908,137539641346,1089,256,255,6,98304,0,10,100,3.831840,3.819552,0.007421,35893.9,GFLOP/s,0,4097,4097,4097,1,triton_fixed_4097x4097x4097_128x128x32_w8_s4
NVIDIA RTX PRO 6000 Blackwell Max-Q Workstation Edition,24049608,2026-09-26T14:59:00-0700,13.0,13.0,torch-2.14.0+cu130+triton-3.8.0,triton_matmul_fixed,"BM=128,BN=128,BK=16,GROUP_M=8;num_warps=8;num_stages=1",4097,201424908,137539641346,1089,256,230,0,16384,0,10,100,3.790880,3.784736,0.005009,36281.7,GFLOP/s,0,4097,4097,4097,1,triton_fixed_4097x4097x4097_128x128x16_w8_s1
NVIDIA RTX PRO 6000 Blackwell Max-Q Workstation Edition,24049608,2026-09-26T14:59:00-0700,13.0,13.0,torch-2.14.0+cu130+triton-3.8.0,triton_matmul_fixed,"BM=128,BN=128,BK=16,GROUP_M=8;num_warps=8;num_stages=3",4097,201424908,137539641346,1089,256,255,4,32768,0,10,100,3.814432,3.805216,0.006160,36057.7,GFLOP/s,0,4097,4097,4097,1,triton_fixed_4097x4097x4097_128x128x16_w8_s3
NVIDIA RTX PRO 6000 Blackwell Max-Q Workstation Edition,24049608,2026-09-26T14:59:00-0700,13.0,13.0,torch-2.14.0+cu130+triton-3.8.0,triton_matmul_fixed,"BM=128,BN=128,BK=32,GROUP_M=8;num_warps=4;num_stages=3",4097,201424908,137539641346,1089,128,255,116,65536,0,10,100,6.438912,6.408192,0.015080,21360.7,GFLOP/s,0,4097,4097,4097,1,triton_fixed_4097x4097x4097_128x128x32_w4_s3
NVIDIA RTX PRO 6000 Blackwell Max-Q Workstation Edition,24049608,2026-09-26T14:59:00-0700,13.0,13.0,torch-2.14.0+cu130+triton-3.8.0,triton_matmul_fixed,"BM=64,BN=64,BK=32,GROUP_M=8;num_warps=4;num_stages=3",4097,201424908,137539641346,4225,128,208,0,32768,0,10,100,4.371456,4.350976,0.012996,31463.1,GFLOP/s,0,4097,4097,4097,2,triton_fixed_4097x4097x4097_64x64x32_w4_s3
NVIDIA RTX PRO 6000 Blackwell Max-Q Workstation Edition,24049608,2026-09-26T14:59:00-0700,13.0,13.0,torch-2.14.0+cu130+triton-3.8.0,triton_matmul_fixed,"BM=128,BN=64,BK=32,GROUP_M=8;num_warps=4;num_stages=4",4097,201424908,137539641346,2145,128,255,4,73728,0,10,100,4.598784,4.590592,0.008313,29907.8,GFLOP/s,0,4097,4097,4097,1,triton_fixed_4097x4097x4097_128x64x32_w4_s4
