gpu,job_id,date,cuda_runtime,cuda_driver,build_type,kernel,label,config,regs,spills,smem_bytes,threads,blocks_per_sm,total,FFMA,LDGSTS_32,LDGSTS_64,LDGSTS_128,LDG_32,LDG_64,LDG_128,STG_32,STG_64,STG_128,LDS_32,LDS_64,LDS_128,STS_32,STS_64,STS_128,BAR,MMA
NVIDIA RTX PRO 6000 Blackwell Max-Q Workstation Edition,24049608,2026-09-26T14:59:00-0700,13.0,13.0,torch-2.14.0+cu130+triton-3.8.0,triton_matmul,triton_matmul_512x512x512,"BM=32,BN=64,BK=32,GROUP_M=8;num_warps=4;num_stages=5",92,0,49152,128,2,1048,512,0,0,30,0,0,0,0,0,4,15,0,68,0,0,4,7,0
NVIDIA RTX PRO 6000 Blackwell Max-Q Workstation Edition,24049608,2026-09-26T14:59:00-0700,13.0,13.0,torch-2.14.0+cu130+triton-3.8.0,triton_matmul,triton_matmul_1000x1000x1000,"BM=128,BN=64,BK=64,GROUP_M=8;num_warps=8;num_stages=3",255,6,98304,256,1,4224,2048,144,0,0,0,0,0,32,0,0,16,0,192,0,0,8,7,0
NVIDIA RTX PRO 6000 Blackwell Max-Q Workstation Edition,24049608,2026-09-26T14:59:00-0700,13.0,13.0,torch-2.14.0+cu130+triton-3.8.0,triton_matmul,triton_matmul_1024x1024x1024,"BM=128,BN=64,BK=64,GROUP_M=8;num_warps=8;num_stages=3",158,0,98304,256,1,2968,2048,0,0,36,0,0,0,0,0,8,16,0,200,0,0,8,7,0
NVIDIA RTX PRO 6000 Blackwell Max-Q Workstation Edition,24049608,2026-09-26T14:59:00-0700,13.0,13.0,torch-2.14.0+cu130+triton-3.8.0,triton_matmul,triton_matmul_1536x1536x1536,"BM=128,BN=128,BK=32,GROUP_M=8;num_warps=8;num_stages=3",220,0,65536,256,1,2952,2048,0,0,24,0,0,0,0,0,16,9,0,176,0,0,16,11,0
NVIDIA RTX PRO 6000 Blackwell Max-Q Workstation Edition,24049608,2026-09-26T14:59:00-0700,13.0,13.0,torch-2.14.0+cu130+triton-3.8.0,triton_matmul,triton_matmul_2048x2048x2048,"BM=128,BN=64,BK=32,GROUP_M=8;num_warps=4;num_stages=4",238,0,73728,128,1,3168,2048,0,0,48,0,0,0,0,0,16,12,0,176,0,0,16,12,0
NVIDIA RTX PRO 6000 Blackwell Max-Q Workstation Edition,24049608,2026-09-26T14:59:00-0700,13.0,13.0,torch-2.14.0+cu130+triton-3.8.0,triton_matmul,triton_matmul_3000x3000x3000,"BM=64,BN=256,BK=32,GROUP_M=8;num_warps=8;num_stages=3",232,0,81920,256,1,4184,2048,120,0,0,0,0,0,64,0,0,9,0,160,0,0,16,35,0
NVIDIA RTX PRO 6000 Blackwell Max-Q Workstation Edition,24049608,2026-09-26T14:59:00-0700,13.0,13.0,torch-2.14.0+cu130+triton-3.8.0,triton_matmul,triton_matmul_4096x4096x4096,"BM=128,BN=128,BK=32,GROUP_M=8;num_warps=8;num_stages=3",220,0,65536,256,1,2952,2048,0,0,24,0,0,0,0,0,16,9,0,176,0,0,16,11,0
NVIDIA RTX PRO 6000 Blackwell Max-Q Workstation Edition,24049608,2026-09-26T14:59:00-0700,13.0,13.0,torch-2.14.0+cu130+triton-3.8.0,triton_matmul,triton_matmul_4097x4097x4097,"BM=128,BN=128,BK=32,GROUP_M=8;num_warps=8;num_stages=3",255,6,65536,256,1,4128,2048,96,0,0,0,0,0,64,0,0,9,0,160,0,0,16,19,0
NVIDIA RTX PRO 6000 Blackwell Max-Q Workstation Edition,24049608,2026-09-26T14:59:00-0700,13.0,13.0,torch-2.14.0+cu130+triton-3.8.0,triton_matmul,triton_matmul_6144x6144x6144,"BM=128,BN=128,BK=32,GROUP_M=8;num_warps=8;num_stages=3",220,0,65536,256,1,2952,2048,0,0,24,0,0,0,0,0,16,9,0,176,0,0,16,11,0
NVIDIA RTX PRO 6000 Blackwell Max-Q Workstation Edition,24049608,2026-09-26T14:59:00-0700,13.0,13.0,torch-2.14.0+cu130+triton-3.8.0,triton_matmul,triton_matmul_8192x8192x8192,"BM=128,BN=128,BK=32,GROUP_M=8;num_warps=8;num_stages=3",220,0,65536,256,1,2952,2048,0,0,24,0,0,0,0,0,16,9,0,176,0,0,16,11,0
NVIDIA RTX PRO 6000 Blackwell Max-Q Workstation Edition,24049608,2026-09-26T14:59:00-0700,13.0,13.0,torch-2.14.0+cu130+triton-3.8.0,triton_matmul,triton_matmul_777x1111x333,"BM=64,BN=64,BK=32,GROUP_M=8;num_warps=4;num_stages=4",168,2,49152,128,2,2896,1024,128,0,0,0,0,0,32,0,0,12,0,96,0,0,8,12,0
NVIDIA RTX PRO 6000 Blackwell Max-Q Workstation Edition,24049608,2026-09-26T14:59:00-0700,13.0,13.0,torch-2.14.0+cu130+triton-3.8.0,triton_matmul,triton_matmul_1000x3000x2000,"BM=128,BN=64,BK=64,GROUP_M=8;num_warps=8;num_stages=3",166,0,98304,256,1,3336,2048,48,0,24,0,0,0,32,0,0,16,0,192,0,0,8,7,0
NVIDIA RTX PRO 6000 Blackwell Max-Q Workstation Edition,24049608,2026-09-26T14:59:00-0700,13.0,13.0,torch-2.14.0+cu130+triton-3.8.0,triton_matmul,triton_matmul_4096x4096x1000,"BM=128,BN=128,BK=32,GROUP_M=8;num_warps=8;num_stages=3",255,4,65536,256,1,3224,2048,48,0,12,0,0,0,0,0,16,9,0,176,0,0,16,11,0
NVIDIA RTX PRO 6000 Blackwell Max-Q Workstation Edition,24049608,2026-09-26T14:59:00-0700,13.0,13.0,torch-2.14.0+cu130+triton-3.8.0,triton_matmul_fixed,triton_fixed_4096x4096x4096_128x128x32_w8_s1,"BM=128,BN=128,BK=32,GROUP_M=8;num_warps=8;num_stages=1",224,0,32768,256,1,2736,2048,0,0,0,0,0,8,0,0,16,0,0,176,0,0,24,10,0
NVIDIA RTX PRO 6000 Blackwell Max-Q Workstation Edition,24049608,2026-09-26T14:59:00-0700,13.0,13.0,torch-2.14.0+cu130+triton-3.8.0,triton_matmul_fixed,triton_fixed_4096x4096x4096_128x128x32_w8_s2,"BM=128,BN=128,BK=32,GROUP_M=8;num_warps=8;num_stages=2",220,0,32768,256,1,2888,2048,0,0,16,0,0,0,0,0,16,6,0,176,0,0,16,10,0
NVIDIA RTX PRO 6000 Blackwell Max-Q Workstation Edition,24049608,2026-09-26T14:59:00-0700,13.0,13.0,torch-2.14.0+cu130+triton-3.8.0,triton_matmul_fixed,triton_fixed_4096x4096x4096_128x128x32_w8_s3,"BM=128,BN=128,BK=32,GROUP_M=8;num_warps=8;num_stages=3",220,0,65536,256,1,2952,2048,0,0,24,0,0,0,0,0,16,9,0,176,0,0,16,11,0
NVIDIA RTX PRO 6000 Blackwell Max-Q Workstation Edition,24049608,2026-09-26T14:59:00-0700,13.0,13.0,torch-2.14.0+cu130+triton-3.8.0,triton_matmul_fixed,triton_fixed_4096x4096x4096_128x128x32_w8_s4,"BM=128,BN=128,BK=32,GROUP_M=8;num_warps=8;num_stages=4",220,0,98304,256,1,3008,2048,0,0,32,0,0,0,0,0,16,12,0,176,0,0,16,12,0
NVIDIA RTX PRO 6000 Blackwell Max-Q Workstation Edition,24049608,2026-09-26T14:59:00-0700,13.0,13.0,torch-2.14.0+cu130+triton-3.8.0,triton_matmul_fixed,triton_fixed_4096x4096x4096_128x128x16_w8_s1,"BM=128,BN=128,BK=16,GROUP_M=8;num_warps=8;num_stages=1",196,0,16384,256,1,1640,1024,0,0,0,0,0,4,0,0,16,0,0,96,0,0,20,10,0
NVIDIA RTX PRO 6000 Blackwell Max-Q Workstation Edition,24049608,2026-09-26T14:59:00-0700,13.0,13.0,torch-2.14.0+cu130+triton-3.8.0,triton_matmul_fixed,triton_fixed_4096x4096x4096_128x128x16_w8_s3,"BM=128,BN=128,BK=16,GROUP_M=8;num_warps=8;num_stages=3",214,0,32768,256,1,1720,1024,0,0,12,0,0,0,0,0,16,9,0,96,0,0,16,11,0
NVIDIA RTX PRO 6000 Blackwell Max-Q Workstation Edition,24049608,2026-09-26T14:59:00-0700,13.0,13.0,torch-2.14.0+cu130+triton-3.8.0,triton_matmul_fixed,triton_fixed_4096x4096x4096_128x128x32_w4_s3,"BM=128,BN=128,BK=32,GROUP_M=8;num_warps=4;num_stages=3",255,42,65536,128,1,5704,4096,0,0,48,0,0,0,0,0,32,9,0,320,0,0,32,19,0
NVIDIA RTX PRO 6000 Blackwell Max-Q Workstation Edition,24049608,2026-09-26T14:59:00-0700,13.0,13.0,torch-2.14.0+cu130+triton-3.8.0,triton_matmul_fixed,triton_fixed_4096x4096x4096_64x64x32_w4_s3,"BM=64,BN=64,BK=32,GROUP_M=8;num_warps=4;num_stages=3",96,4,32768,128,3,1704,1024,0,0,24,0,0,0,0,0,8,9,0,104,0,0,8,7,0
NVIDIA RTX PRO 6000 Blackwell Max-Q Workstation Edition,24049608,2026-09-26T14:59:00-0700,13.0,13.0,torch-2.14.0+cu130+triton-3.8.0,triton_matmul_fixed,triton_fixed_4096x4096x4096_128x64x32_w4_s4,"BM=128,BN=64,BK=32,GROUP_M=8;num_warps=4;num_stages=4",238,0,73728,128,1,3168,2048,0,0,48,0,0,0,0,0,16,12,0,176,0,0,16,12,0
NVIDIA RTX PRO 6000 Blackwell Max-Q Workstation Edition,24049608,2026-09-26T14:59:00-0700,13.0,13.0,torch-2.14.0+cu130+triton-3.8.0,triton_matmul_fixed,triton_fixed_4097x4097x4097_128x128x32_w8_s1,"BM=128,BN=128,BK=32,GROUP_M=8;num_warps=8;num_stages=1",254,0,32768,256,1,3424,2048,0,0,0,32,0,0,64,0,0,0,0,160,0,0,16,18,0
NVIDIA RTX PRO 6000 Blackwell Max-Q Workstation Edition,24049608,2026-09-26T14:59:00-0700,13.0,13.0,torch-2.14.0+cu130+triton-3.8.0,triton_matmul_fixed,triton_fixed_4097x4097x4097_128x128x32_w8_s2,"BM=128,BN=128,BK=32,GROUP_M=8;num_warps=8;num_stages=2",255,4,32768,256,1,3896,2048,64,0,0,0,0,0,64,0,0,6,0,160,0,0,16,18,0
NVIDIA RTX PRO 6000 Blackwell Max-Q Workstation Edition,24049608,2026-09-26T14:59:00-0700,13.0,13.0,torch-2.14.0+cu130+triton-3.8.0,triton_matmul_fixed,triton_fixed_4097x4097x4097_128x128x32_w8_s3,"BM=128,BN=128,BK=32,GROUP_M=8;num_warps=8;num_stages=3",255,6,65536,256,1,4128,2048,96,0,0,0,0,0,64,0,0,9,0,160,0,0,16,19,0
NVIDIA RTX PRO 6000 Blackwell Max-Q Workstation Edition,24049608,2026-09-26T14:59:00-0700,13.0,13.0,torch-2.14.0+cu130+triton-3.8.0,triton_matmul_fixed,triton_fixed_4097x4097x4097_128x128x32_w8_s4,"BM=128,BN=128,BK=32,GROUP_M=8;num_warps=8;num_stages=4",255,6,98304,256,1,4280,2048,128,0,0,0,0,0,64,0,0,12,0,160,0,0,16,20,0
NVIDIA RTX PRO 6000 Blackwell Max-Q Workstation Edition,24049608,2026-09-26T14:59:00-0700,13.0,13.0,torch-2.14.0+cu130+triton-3.8.0,triton_matmul_fixed,triton_fixed_4097x4097x4097_128x128x16_w8_s1,"BM=128,BN=128,BK=16,GROUP_M=8;num_warps=8;num_stages=1",230,0,16384,256,1,2128,1024,0,0,0,16,0,0,64,0,0,0,0,80,0,0,16,18,0
NVIDIA RTX PRO 6000 Blackwell Max-Q Workstation Edition,24049608,2026-09-26T14:59:00-0700,13.0,13.0,torch-2.14.0+cu130+triton-3.8.0,triton_matmul_fixed,triton_fixed_4097x4097x4097_128x128x16_w8_s3,"BM=128,BN=128,BK=16,GROUP_M=8;num_warps=8;num_stages=3",255,4,32768,256,1,2536,1024,48,0,0,0,0,0,64,0,0,9,0,80,0,0,16,19,0
NVIDIA RTX PRO 6000 Blackwell Max-Q Workstation Edition,24049608,2026-09-26T14:59:00-0700,13.0,13.0,torch-2.14.0+cu130+triton-3.8.0,triton_matmul_fixed,triton_fixed_4097x4097x4097_128x128x32_w4_s3,"BM=128,BN=128,BK=32,GROUP_M=8;num_warps=4;num_stages=3",255,116,65536,128,1,8448,4096,192,0,0,0,0,0,128,0,0,9,0,288,0,0,32,67,0
NVIDIA RTX PRO 6000 Blackwell Max-Q Workstation Edition,24049608,2026-09-26T14:59:00-0700,13.0,13.0,torch-2.14.0+cu130+triton-3.8.0,triton_matmul_fixed,triton_fixed_4097x4097x4097_64x64x32_w4_s3,"BM=64,BN=64,BK=32,GROUP_M=8;num_warps=4;num_stages=3",208,0,32768,128,2,2712,1024,96,0,0,0,0,0,32,0,0,9,0,96,0,0,8,11,0
NVIDIA RTX PRO 6000 Blackwell Max-Q Workstation Edition,24049608,2026-09-26T14:59:00-0700,13.0,13.0,torch-2.14.0+cu130+triton-3.8.0,triton_matmul_fixed,triton_fixed_4097x4097x4097_128x64x32_w4_s4,"BM=128,BN=64,BK=32,GROUP_M=8;num_warps=4;num_stages=4",255,4,73728,128,1,4872,2048,192,0,0,0,0,0,64,0,0,12,0,160,0,0,16,20,0
NVIDIA RTX PRO 6000 Blackwell Max-Q Workstation Edition,24049608,2026-09-26T14:59:00-0700,13.0,13.0,torch-2.14.0+cu130+triton-3.8.0,cuda_softmax,cuda_softmax_128,float4,35,0,256,32,24,840,105,0,0,0,0,0,4,0,0,3,0,2,0,0,2,0,2,0
NVIDIA RTX PRO 6000 Blackwell Max-Q Workstation Edition,24049608,2026-09-26T14:59:00-0700,13.0,13.0,torch-2.14.0+cu130+triton-3.8.0,triton_softmax,triton_softmax_128,num_warps=1;num_stages=3;BLOCK=128,16,0,0,32,24,104,0,0,0,0,0,0,1,0,0,1,0,0,0,0,0,0,0,0
NVIDIA RTX PRO 6000 Blackwell Max-Q Workstation Edition,24049608,2026-09-26T14:59:00-0700,13.0,13.0,torch-2.14.0+cu130+triton-3.8.0,cuda_softmax,cuda_softmax_512,float4,35,0,256,32,24,840,105,0,0,0,0,0,4,0,0,3,0,2,0,0,2,0,2,0
NVIDIA RTX PRO 6000 Blackwell Max-Q Workstation Edition,24049608,2026-09-26T14:59:00-0700,13.0,13.0,torch-2.14.0+cu130+triton-3.8.0,triton_softmax,triton_softmax_512,num_warps=8;num_stages=3;BLOCK=512,15,0,32,256,6,112,0,0,0,0,0,1,0,0,1,0,2,0,0,2,0,0,3,0
NVIDIA RTX PRO 6000 Blackwell Max-Q Workstation Edition,24049608,2026-09-26T14:59:00-0700,13.0,13.0,torch-2.14.0+cu130+triton-3.8.0,cuda_softmax,cuda_softmax_1000,float4,35,0,256,64,24,840,105,0,0,0,0,0,4,0,0,3,0,2,0,0,2,0,2,0
NVIDIA RTX PRO 6000 Blackwell Max-Q Workstation Edition,24049608,2026-09-26T14:59:00-0700,13.0,13.0,torch-2.14.0+cu130+triton-3.8.0,triton_softmax,triton_softmax_1000,num_warps=16;num_stages=3;BLOCK=1024,17,0,64,512,3,120,0,0,0,0,2,0,0,2,0,0,2,0,0,2,0,0,3,0
NVIDIA RTX PRO 6000 Blackwell Max-Q Workstation Edition,24049608,2026-09-26T14:59:00-0700,13.0,13.0,torch-2.14.0+cu130+triton-3.8.0,cuda_softmax,cuda_softmax_1001,scalar,24,0,256,64,24,600,65,0,0,0,2,0,0,1,0,0,0,2,0,0,2,0,2,0
NVIDIA RTX PRO 6000 Blackwell Max-Q Workstation Edition,24049608,2026-09-26T14:59:00-0700,13.0,13.0,torch-2.14.0+cu130+triton-3.8.0,triton_softmax,triton_softmax_1001,num_warps=16;num_stages=3;BLOCK=1024,17,0,64,512,3,120,0,0,0,0,2,0,0,2,0,0,2,0,0,2,0,0,3,0
NVIDIA RTX PRO 6000 Blackwell Max-Q Workstation Edition,24049608,2026-09-26T14:59:00-0700,13.0,13.0,torch-2.14.0+cu130+triton-3.8.0,cuda_softmax,cuda_softmax_1024,float4,35,0,256,64,24,840,105,0,0,0,0,0,4,0,0,3,0,2,0,0,2,0,2,0
NVIDIA RTX PRO 6000 Blackwell Max-Q Workstation Edition,24049608,2026-09-26T14:59:00-0700,13.0,13.0,torch-2.14.0+cu130+triton-3.8.0,triton_softmax,triton_softmax_1024,num_warps=16;num_stages=3;BLOCK=1024,15,0,64,512,3,112,0,0,0,0,0,1,0,0,1,0,2,0,0,2,0,0,3,0
NVIDIA RTX PRO 6000 Blackwell Max-Q Workstation Edition,24049608,2026-09-26T14:59:00-0700,13.0,13.0,torch-2.14.0+cu130+triton-3.8.0,cuda_softmax,cuda_softmax_2048,float4,35,0,256,128,12,840,105,0,0,0,0,0,4,0,0,3,0,2,0,0,2,0,2,0
NVIDIA RTX PRO 6000 Blackwell Max-Q Workstation Edition,24049608,2026-09-26T14:59:00-0700,13.0,13.0,torch-2.14.0+cu130+triton-3.8.0,triton_softmax,triton_softmax_2048,num_warps=8;num_stages=3;BLOCK=2048,22,0,32,256,6,184,0,0,0,0,0,0,2,0,0,2,2,0,0,2,0,0,3,0
NVIDIA RTX PRO 6000 Blackwell Max-Q Workstation Edition,24049608,2026-09-26T14:59:00-0700,13.0,13.0,torch-2.14.0+cu130+triton-3.8.0,cuda_softmax,cuda_softmax_3000,float4,35,0,256,256,6,840,105,0,0,0,0,0,4,0,0,3,0,2,0,0,2,0,2,0
NVIDIA RTX PRO 6000 Blackwell Max-Q Workstation Edition,24049608,2026-09-26T14:59:00-0700,13.0,13.0,torch-2.14.0+cu130+triton-3.8.0,triton_softmax,triton_softmax_3000,num_warps=8;num_stages=3;BLOCK=4096,48,0,32,256,5,384,0,0,0,0,16,0,0,16,0,0,2,0,0,2,0,0,3,0
NVIDIA RTX PRO 6000 Blackwell Max-Q Workstation Edition,24049608,2026-09-26T14:59:00-0700,13.0,13.0,torch-2.14.0+cu130+triton-3.8.0,cuda_softmax,cuda_softmax_4096,float4,35,0,256,256,6,840,105,0,0,0,0,0,4,0,0,3,0,2,0,0,2,0,2,0
NVIDIA RTX PRO 6000 Blackwell Max-Q Workstation Edition,24049608,2026-09-26T14:59:00-0700,13.0,13.0,torch-2.14.0+cu130+triton-3.8.0,triton_softmax,triton_softmax_4096,num_warps=8;num_stages=3;BLOCK=4096,36,0,32,256,6,288,0,0,0,0,0,0,4,0,0,4,2,0,0,2,0,0,3,0
NVIDIA RTX PRO 6000 Blackwell Max-Q Workstation Edition,24049608,2026-09-26T14:59:00-0700,13.0,13.0,torch-2.14.0+cu130+triton-3.8.0,cuda_softmax,cuda_softmax_4099,scalar,24,0,256,512,3,600,65,0,0,0,2,0,0,1,0,0,0,2,0,0,2,0,2,0
NVIDIA RTX PRO 6000 Blackwell Max-Q Workstation Edition,24049608,2026-09-26T14:59:00-0700,13.0,13.0,torch-2.14.0+cu130+triton-3.8.0,triton_softmax,triton_softmax_4099,num_warps=8;num_stages=3;BLOCK=8192,79,0,32,256,3,688,0,0,0,0,32,0,0,32,0,0,2,0,0,2,0,0,3,0
NVIDIA RTX PRO 6000 Blackwell Max-Q Workstation Edition,24049608,2026-09-26T14:59:00-0700,13.0,13.0,torch-2.14.0+cu130+triton-3.8.0,cuda_softmax,cuda_softmax_6000,float4,35,0,256,512,3,840,105,0,0,0,0,0,4,0,0,3,0,2,0,0,2,0,2,0
NVIDIA RTX PRO 6000 Blackwell Max-Q Workstation Edition,24049608,2026-09-26T14:59:00-0700,13.0,13.0,torch-2.14.0+cu130+triton-3.8.0,triton_softmax,triton_softmax_6000,num_warps=8;num_stages=3;BLOCK=8192,64,0,32,256,4,512,0,0,0,0,0,0,8,0,0,8,2,0,0,2,0,0,3,0
NVIDIA RTX PRO 6000 Blackwell Max-Q Workstation Edition,24049608,2026-09-26T14:59:00-0700,13.0,13.0,torch-2.14.0+cu130+triton-3.8.0,cuda_softmax,cuda_softmax_8192,float4,35,0,256,512,3,840,105,0,0,0,0,0,4,0,0,3,0,2,0,0,2,0,2,0
NVIDIA RTX PRO 6000 Blackwell Max-Q Workstation Edition,24049608,2026-09-26T14:59:00-0700,13.0,13.0,torch-2.14.0+cu130+triton-3.8.0,triton_softmax,triton_softmax_8192,num_warps=2;num_stages=3;BLOCK=8192,167,0,8,64,6,1832,0,0,0,0,0,0,32,0,0,32,2,0,0,2,0,0,3,0
NVIDIA RTX PRO 6000 Blackwell Max-Q Workstation Edition,24049608,2026-09-26T14:59:00-0700,13.0,13.0,torch-2.14.0+cu130+triton-3.8.0,cuda_softmax,cuda_softmax_12000,float4,35,0,256,1024,1,840,105,0,0,0,0,0,4,0,0,3,0,2,0,0,2,0,2,0
NVIDIA RTX PRO 6000 Blackwell Max-Q Workstation Edition,24049608,2026-09-26T14:59:00-0700,13.0,13.0,torch-2.14.0+cu130+triton-3.8.0,triton_softmax,triton_softmax_12000,num_warps=32;num_stages=3;BLOCK=16384,34,0,128,1024,1,296,0,0,0,0,0,0,4,0,0,4,2,0,0,2,0,0,3,0
NVIDIA RTX PRO 6000 Blackwell Max-Q Workstation Edition,24049608,2026-09-26T14:59:00-0700,13.0,13.0,torch-2.14.0+cu130+triton-3.8.0,cuda_softmax,cuda_softmax_16384,float4,35,0,256,1024,1,840,105,0,0,0,0,0,4,0,0,3,0,2,0,0,2,0,2,0
NVIDIA RTX PRO 6000 Blackwell Max-Q Workstation Edition,24049608,2026-09-26T14:59:00-0700,13.0,13.0,torch-2.14.0+cu130+triton-3.8.0,triton_softmax,triton_softmax_16384,num_warps=4;num_stages=3;BLOCK=16384,164,0,16,128,3,1840,0,0,0,0,0,0,32,0,0,32,2,0,0,2,0,0,3,0
